segment_id,original_file,label,segment_index,original_length,strategy
seg_000002,JS00016.hea,1,0,5000,head_tail
seg_000003,JS00023.hea,1,0,5000,head_tail
seg_000005,JS00034.hea,1,0,5000,head_tail
seg_000007,JS00038.hea,1,0,5000,head_tail
seg_000009,JS00043.hea,1,0,5000,head_tail
seg_000012,JS00050.hea,1,0,5000,head_tail
seg_000014,JS00064.hea,1,0,5000,head_tail
seg_000015,JS00067.hea,1,0,5000,head_tail
seg_000017,JS00074.hea,1,0,5000,head_tail
seg_000019,JS00080.hea,1,0,5000,head_tail
seg_000021,JS00092.hea,1,0,5000,head_tail
seg_000022,JS00105.hea,1,0,5000,head_tail
seg_000024,JS00112.hea,1,0,5000,head_tail
seg_000026,JS00122.hea,1,0,5000,head_tail
seg_000027,JS00125.hea,1,0,5000,head_tail
seg_000028,JS00132.hea,1,0,5000,head_tail
seg_000029,JS00137.hea,1,0,5000,head_tail
seg_000030,JS00141.hea,1,0,5000,head_tail
seg_000032,JS00145.hea,1,0,5000,head_tail
seg_000033,JS00151.hea,1,0,5000,head_tail
seg_000034,JS00158.hea,1,0,5000,head_tail
seg_000035,JS00176.hea,1,0,5000,head_tail
seg_000038,JS00195.hea,1,0,5000,head_tail
seg_000041,JS00209.hea,1,0,5000,head_tail
seg_000043,JS00215.hea,1,0,5000,head_tail
seg_000044,JS00219.hea,1,0,5000,head_tail
seg_000045,JS00234.hea,1,0,5000,head_tail
seg_000046,JS00238.hea,1,0,5000,head_tail
seg_000049,JS00249.hea,1,0,5000,head_tail
seg_000050,JS00250.hea,1,0,5000,head_tail
seg_000052,JS00260.hea,1,0,5000,head_tail
seg_000053,JS00266.hea,1,0,5000,head_tail
seg_000054,JS00269.hea,1,0,5000,head_tail
seg_000057,JS00276.hea,1,0,5000,head_tail
seg_000059,JS00296.hea,1,0,5000,head_tail
seg_000060,JS00306.hea,1,0,5000,head_tail
seg_000061,JS00316.hea,1,0,5000,head_tail
seg_000062,JS00318.hea,1,0,5000,head_tail
seg_000063,JS00321.hea,1,0,5000,head_tail
seg_000066,JS00334.hea,1,0,5000,head_tail
seg_000068,JS00362.hea,1,0,5000,head_tail
seg_000069,JS00366.hea,1,0,5000,head_tail
seg_000070,JS00378.hea,1,0,5000,head_tail
seg_000071,JS00379.hea,1,0,5000,head_tail
seg_000073,JS00383.hea,1,0,5000,head_tail
seg_000074,JS00392.hea,1,0,5000,head_tail
seg_000075,JS00393.hea,1,0,5000,head_tail
seg_000078,JS00414.hea,1,0,5000,head_tail
seg_000079,JS00417.hea,1,0,5000,head_tail
seg_000081,JS00441.hea,1,0,5000,head_tail
seg_000082,JS00442.hea,1,0,5000,head_tail
seg_000085,JS00495.hea,1,0,5000,head_tail
seg_000086,JS00498.hea,1,0,5000,head_tail
seg_000087,JS00503.hea,1,0,5000,head_tail
seg_000090,JS00536.hea,1,0,5000,head_tail
seg_000091,JS00545.hea,1,0,5000,head_tail
seg_000093,JS00573.hea,1,0,5000,head_tail
seg_000094,JS00589.hea,1,0,5000,head_tail
seg_000096,JS00591.hea,1,0,5000,head_tail
seg_000097,JS00597.hea,1,0,5000,head_tail
seg_000098,JS00605.hea,1,0,5000,head_tail
seg_000099,JS00611.hea,1,0,5000,head_tail
seg_000100,JS00618.hea,1,0,5000,head_tail
seg_000102,JS00624.hea,1,0,5000,head_tail
seg_000103,JS00639.hea,1,0,5000,head_tail
seg_000104,JS00643.hea,1,0,5000,head_tail
seg_000105,JS00646.hea,1,0,5000,head_tail
seg_000107,JS00661.hea,1,0,5000,head_tail
seg_000108,JS00669.hea,1,0,5000,head_tail
seg_000110,JS00679.hea,1,0,5000,head_tail
seg_000113,JS00692.hea,1,0,5000,head_tail
seg_000114,JS00693.hea,1,0,5000,head_tail
seg_000115,JS00698.hea,1,0,5000,head_tail
seg_000116,JS00706.hea,1,0,5000,head_tail
seg_000117,JS00709.hea,1,0,5000,head_tail
seg_000119,JS00718.hea,1,0,5000,head_tail
seg_000122,JS00748.hea,1,0,5000,head_tail
seg_000123,JS00763.hea,1,0,5000,head_tail
seg_000126,JS00774.hea,1,0,5000,head_tail
seg_000128,JS00777.hea,1,0,5000,head_tail
seg_000129,JS00778.hea,1,0,5000,head_tail
seg_000132,JS00785.hea,1,0,5000,head_tail
seg_000133,JS00788.hea,1,0,5000,head_tail
seg_000134,JS00794.hea,1,0,5000,head_tail
seg_000137,JS00806.hea,1,0,5000,head_tail
seg_000139,JS00822.hea,1,0,5000,head_tail
seg_000141,JS00824.hea,1,0,5000,head_tail
seg_000142,JS00831.hea,1,0,5000,head_tail
seg_000144,JS00848.hea,1,0,5000,head_tail
seg_000145,JS00852.hea,1,0,5000,head_tail
seg_000146,JS00864.hea,1,0,5000,head_tail
seg_000148,JS00888.hea,1,0,5000,head_tail
seg_000149,JS00905.hea,1,0,5000,head_tail
seg_000151,JS00922.hea,1,0,5000,head_tail
seg_000152,JS00928.hea,1,0,5000,head_tail
seg_000153,JS00933.hea,1,0,5000,head_tail
seg_000155,JS00959.hea,1,0,5000,head_tail
seg_000156,JS00963.hea,1,0,5000,head_tail
seg_000158,JS00969.hea,1,0,5000,head_tail
seg_000159,JS00971.hea,1,0,5000,head_tail
seg_000161,JS00977.hea,1,0,5000,head_tail
seg_000162,JS00985.hea,1,0,5000,head_tail
seg_000164,JS00995.hea,1,0,5000,head_tail
seg_000165,JS01004.hea,1,0,5000,head_tail
seg_000167,JS01007.hea,1,0,5000,head_tail
seg_000168,JS01011.hea,1,0,5000,head_tail
seg_000170,JS01013.hea,1,0,5000,head_tail
seg_000171,JS01020.hea,1,0,5000,head_tail
seg_000173,JS01031.hea,1,0,5000,head_tail
seg_000174,JS01038.hea,1,0,5000,head_tail
seg_000175,JS01041.hea,1,0,5000,head_tail
seg_000176,JS01043.hea,1,0,5000,head_tail
seg_000177,JS01064.hea,1,0,5000,head_tail
seg_000178,JS01065.hea,1,0,5000,head_tail
seg_000180,JS01088.hea,1,0,5000,head_tail
seg_000182,JS01102.hea,1,0,5000,head_tail
seg_000183,JS01117.hea,1,0,5000,head_tail
seg_000184,JS01119.hea,1,0,5000,head_tail
seg_000186,JS01126.hea,1,0,5000,head_tail
seg_000187,JS01127.hea,1,0,5000,head_tail
seg_000190,JS01136.hea,1,0,5000,head_tail
seg_000191,JS01138.hea,1,0,5000,head_tail
seg_000192,JS01149.hea,1,0,5000,head_tail
seg_000193,JS01158.hea,1,0,5000,head_tail
seg_000194,JS01170.hea,1,0,5000,head_tail
seg_000197,JS01192.hea,1,0,5000,head_tail
seg_000198,JS01195.hea,1,0,5000,head_tail
seg_000199,JS01207.hea,1,0,5000,head_tail
seg_000200,JS01210.hea,1,0,5000,head_tail
seg_000202,JS01218.hea,1,0,5000,head_tail
seg_000204,JS01229.hea,1,0,5000,head_tail
seg_000206,JS01232.hea,1,0,5000,head_tail
seg_000207,JS01235.hea,1,0,5000,head_tail
seg_000208,JS01239.hea,1,0,5000,head_tail
seg_000209,JS01245.hea,1,0,5000,head_tail
seg_000210,JS01247.hea,1,0,5000,head_tail
seg_000212,JS01253.hea,1,0,5000,head_tail
seg_000215,JS01265.hea,1,0,5000,head_tail
seg_000216,JS01269.hea,1,0,5000,head_tail
seg_000217,JS01270.hea,1,0,5000,head_tail
seg_000218,JS01273.hea,1,0,5000,head_tail
seg_000221,JS01291.hea,1,0,5000,head_tail
seg_000224,JS01315.hea,1,0,5000,head_tail
seg_000225,JS01317.hea,1,0,5000,head_tail
seg_000226,JS01322.hea,1,0,5000,head_tail
seg_000227,JS01341.hea,1,0,5000,head_tail
seg_000229,JS01346.hea,1,0,5000,head_tail
seg_000231,JS01357.hea,1,0,5000,head_tail
seg_000234,JS01383.hea,1,0,5000,head_tail
seg_000235,JS01389.hea,1,0,5000,head_tail
seg_000236,JS01394.hea,1,0,5000,head_tail
seg_000239,JS01403.hea,1,0,5000,head_tail
seg_000240,JS01407.hea,1,0,5000,head_tail
seg_000241,JS01415.hea,1,0,5000,head_tail
seg_000242,JS01419.hea,1,0,5000,head_tail
seg_000243,JS01420.hea,1,0,5000,head_tail
seg_000245,JS01424.hea,1,0,5000,head_tail
seg_000247,JS01430.hea,1,0,5000,head_tail
seg_000248,JS01438.hea,1,0,5000,head_tail
seg_000250,JS01456.hea,1,0,5000,head_tail
seg_000252,JS01471.hea,1,0,5000,head_tail
seg_000253,JS01478.hea,1,0,5000,head_tail
seg_000254,JS01481.hea,1,0,5000,head_tail
seg_000255,JS01484.hea,1,0,5000,head_tail
seg_000256,JS01499.hea,1,0,5000,head_tail
seg_000257,JS01509.hea,1,0,5000,head_tail
seg_000258,JS01520.hea,1,0,5000,head_tail
seg_000260,JS01531.hea,1,0,5000,head_tail
seg_000261,JS01535.hea,1,0,5000,head_tail
seg_000264,JS01553.hea,1,0,5000,head_tail
seg_000265,JS01554.hea,1,0,5000,head_tail
seg_000268,JS01572.hea,1,0,5000,head_tail
seg_000269,JS01573.hea,1,0,5000,head_tail
seg_000270,JS01574.hea,1,0,5000,head_tail
seg_000271,JS01575.hea,1,0,5000,head_tail
seg_000273,JS01586.hea,1,0,5000,head_tail
seg_000274,JS01592.hea,1,0,5000,head_tail
seg_000275,JS01595.hea,1,0,5000,head_tail
seg_000278,JS01602.hea,1,0,5000,head_tail
seg_000280,JS01613.hea,1,0,5000,head_tail
seg_000281,JS01618.hea,1,0,5000,head_tail
seg_000283,JS01633.hea,1,0,5000,head_tail
seg_000284,JS01638.hea,1,0,5000,head_tail
seg_000286,JS01643.hea,1,0,5000,head_tail
seg_000288,JS01653.hea,1,0,5000,head_tail
seg_000289,JS01655.hea,1,0,5000,head_tail
seg_000290,JS01667.hea,1,0,5000,head_tail
seg_000291,JS01669.hea,1,0,5000,head_tail
seg_000292,JS01671.hea,1,0,5000,head_tail
seg_000293,JS01672.hea,1,0,5000,head_tail
seg_000296,JS01681.hea,1,0,5000,head_tail
seg_000297,JS01686.hea,1,0,5000,head_tail
seg_000299,JS01690.hea,1,0,5000,head_tail
seg_000301,JS01697.hea,1,0,5000,head_tail
seg_000303,JS01705.hea,1,0,5000,head_tail
seg_000304,JS01708.hea,1,0,5000,head_tail
seg_000305,JS01714.hea,1,0,5000,head_tail
seg_000306,JS01723.hea,1,0,5000,head_tail
seg_000307,JS01726.hea,1,0,5000,head_tail
seg_000308,JS01735.hea,1,0,5000,head_tail
seg_000309,JS01746.hea,1,0,5000,head_tail
seg_000310,JS01748.hea,1,0,5000,head_tail
seg_000311,JS01750.hea,1,0,5000,head_tail
seg_000313,JS01757.hea,1,0,5000,head_tail
seg_000315,JS01769.hea,1,0,5000,head_tail
seg_000317,JS01793.hea,1,0,5000,head_tail
seg_000318,JS01807.hea,1,0,5000,head_tail
seg_000319,JS01816.hea,1,0,5000,head_tail
seg_000320,JS01818.hea,1,0,5000,head_tail
seg_000324,JS01851.hea,1,0,5000,head_tail
seg_000325,JS01854.hea,1,0,5000,head_tail
seg_000326,JS01868.hea,1,0,5000,head_tail
seg_000327,JS01870.hea,1,0,5000,head_tail
seg_000329,JS01880.hea,1,0,5000,head_tail
seg_000330,JS01882.hea,1,0,5000,head_tail
seg_000331,JS01897.hea,1,0,5000,head_tail
seg_000332,JS01900.hea,1,0,5000,head_tail
seg_000333,JS01923.hea,1,0,5000,head_tail
seg_000334,JS01926.hea,1,0,5000,head_tail
seg_000336,JS01934.hea,1,0,5000,head_tail
seg_000337,JS01937.hea,1,0,5000,head_tail
seg_000338,JS01942.hea,1,0,5000,head_tail
seg_000339,JS01951.hea,1,0,5000,head_tail
seg_000340,JS01953.hea,1,0,5000,head_tail
seg_000342,JS01962.hea,1,0,5000,head_tail
seg_000343,JS01964.hea,1,0,5000,head_tail
seg_000344,JS01966.hea,1,0,5000,head_tail
seg_000345,JS01967.hea,1,0,5000,head_tail
seg_000348,JS01982.hea,1,0,5000,head_tail
seg_000349,JS01985.hea,1,0,5000,head_tail
seg_000351,JS01995.hea,1,0,5000,head_tail
seg_000353,JS02016.hea,1,0,5000,head_tail
seg_000356,JS02026.hea,1,0,5000,head_tail
seg_000358,JS02032.hea,1,0,5000,head_tail
seg_000359,JS02042.hea,1,0,5000,head_tail
seg_000360,JS02043.hea,1,0,5000,head_tail
seg_000363,JS02051.hea,1,0,5000,head_tail
seg_000364,JS02055.hea,1,0,5000,head_tail
seg_000365,JS02059.hea,1,0,5000,head_tail
seg_000366,JS02063.hea,1,0,5000,head_tail
seg_000367,JS02081.hea,1,0,5000,head_tail
seg_000369,JS02098.hea,1,0,5000,head_tail
seg_000371,JS02104.hea,1,0,5000,head_tail
seg_000372,JS02106.hea,1,0,5000,head_tail
seg_000373,JS02107.hea,1,0,5000,head_tail
seg_000374,JS02118.hea,1,0,5000,head_tail
seg_000375,JS02132.hea,1,0,5000,head_tail
seg_000376,JS02136.hea,1,0,5000,head_tail
seg_000377,JS02137.hea,1,0,5000,head_tail
seg_000378,JS02149.hea,1,0,5000,head_tail
seg_000381,JS02164.hea,1,0,5000,head_tail
seg_000383,JS02170.hea,1,0,5000,head_tail
seg_000384,JS02184.hea,1,0,5000,head_tail
seg_000385,JS02192.hea,1,0,5000,head_tail
seg_000386,JS02213.hea,1,0,5000,head_tail
seg_000387,JS02219.hea,1,0,5000,head_tail
seg_000389,JS02234.hea,1,0,5000,head_tail
seg_000391,JS02246.hea,1,0,5000,head_tail
seg_000394,JS02270.hea,1,0,5000,head_tail
seg_000395,JS02294.hea,1,0,5000,head_tail
seg_000397,JS02301.hea,1,0,5000,head_tail
seg_000398,JS02313.hea,1,0,5000,head_tail
seg_000399,JS02317.hea,1,0,5000,head_tail
seg_000400,JS02318.hea,1,0,5000,head_tail
seg_000402,JS02344.hea,1,0,5000,head_tail
seg_000404,JS02353.hea,1,0,5000,head_tail
seg_000405,JS02357.hea,1,0,5000,head_tail
seg_000406,JS02364.hea,1,0,5000,head_tail
seg_000407,JS02378.hea,1,0,5000,head_tail
seg_000408,JS02379.hea,1,0,5000,head_tail
seg_000409,JS02381.hea,1,0,5000,head_tail
seg_000412,JS02402.hea,1,0,5000,head_tail
seg_000413,JS02403.hea,1,0,5000,head_tail
seg_000415,JS02416.hea,1,0,5000,head_tail
seg_000418,JS02435.hea,1,0,5000,head_tail
seg_000419,JS02444.hea,1,0,5000,head_tail
seg_000421,JS02451.hea,1,0,5000,head_tail
seg_000422,JS02471.hea,1,0,5000,head_tail
seg_000423,JS02474.hea,1,0,5000,head_tail
seg_000425,JS02483.hea,1,0,5000,head_tail
seg_000426,JS02489.hea,1,0,5000,head_tail
seg_000428,JS02493.hea,1,0,5000,head_tail
seg_000429,JS02507.hea,1,0,5000,head_tail
seg_000430,JS02508.hea,1,0,5000,head_tail
seg_000431,JS02516.hea,1,0,5000,head_tail
seg_000432,JS02524.hea,1,0,5000,head_tail
seg_000433,JS02533.hea,1,0,5000,head_tail
seg_000435,JS02549.hea,1,0,5000,head_tail
seg_000436,JS02552.hea,1,0,5000,head_tail
seg_000437,JS02559.hea,1,0,5000,head_tail
seg_000438,JS02576.hea,1,0,5000,head_tail
seg_000442,JS02602.hea,1,0,5000,head_tail
seg_000443,JS02607.hea,1,0,5000,head_tail
seg_000445,JS02614.hea,1,0,5000,head_tail
seg_000446,JS02624.hea,1,0,5000,head_tail
seg_000447,JS02627.hea,1,0,5000,head_tail
seg_000448,JS02640.hea,1,0,5000,head_tail
seg_000449,JS02646.hea,1,0,5000,head_tail
seg_000452,JS02683.hea,1,0,5000,head_tail
seg_000453,JS02686.hea,1,0,5000,head_tail
seg_000455,JS02693.hea,1,0,5000,head_tail
seg_000457,JS02699.hea,1,0,5000,head_tail
seg_000458,JS02723.hea,1,0,5000,head_tail
seg_000459,JS02728.hea,1,0,5000,head_tail
seg_000460,JS02734.hea,1,0,5000,head_tail
seg_000461,JS02735.hea,1,0,5000,head_tail
seg_000462,JS02740.hea,1,0,5000,head_tail
seg_000464,JS02746.hea,1,0,5000,head_tail
seg_000465,JS02747.hea,1,0,5000,head_tail
seg_000467,JS02784.hea,1,0,5000,head_tail
seg_000468,JS02798.hea,1,0,5000,head_tail
seg_000471,JS02812.hea,1,0,5000,head_tail
seg_000472,JS02813.hea,1,0,5000,head_tail
seg_000473,JS02817.hea,1,0,5000,head_tail
seg_000474,JS02818.hea,1,0,5000,head_tail
seg_000475,JS02819.hea,1,0,5000,head_tail
seg_000477,JS02822.hea,1,0,5000,head_tail
seg_000478,JS02834.hea,1,0,5000,head_tail
seg_000481,JS02866.hea,1,0,5000,head_tail
seg_000482,JS02879.hea,1,0,5000,head_tail
seg_000483,JS02880.hea,1,0,5000,head_tail
seg_000485,JS02890.hea,1,0,5000,head_tail
seg_000488,JS02909.hea,1,0,5000,head_tail
seg_000490,JS02920.hea,1,0,5000,head_tail
seg_000491,JS02925.hea,1,0,5000,head_tail
seg_000493,JS02930.hea,1,0,5000,head_tail
seg_000494,JS02937.hea,1,0,5000,head_tail
seg_000496,JS02945.hea,1,0,5000,head_tail
seg_000498,JS02954.hea,1,0,5000,head_tail
seg_000499,JS02964.hea,1,0,5000,head_tail
seg_000501,JS02985.hea,1,0,5000,head_tail
seg_000503,JS02997.hea,1,0,5000,head_tail
seg_000504,JS03001.hea,1,0,5000,head_tail
seg_000507,JS03005.hea,1,0,5000,head_tail
seg_000508,JS03009.hea,1,0,5000,head_tail
seg_000510,JS03038.hea,1,0,5000,head_tail
seg_000511,JS03049.hea,1,0,5000,head_tail
seg_000512,JS03050.hea,1,0,5000,head_tail
seg_000513,JS03052.hea,1,0,5000,head_tail
seg_000514,JS03056.hea,1,0,5000,head_tail
seg_000515,JS03070.hea,1,0,5000,head_tail
seg_000516,JS03071.hea,1,0,5000,head_tail
seg_000517,JS03075.hea,1,0,5000,head_tail
seg_000519,JS03081.hea,1,0,5000,head_tail
seg_000520,JS03083.hea,1,0,5000,head_tail
seg_000521,JS03084.hea,1,0,5000,head_tail
seg_000523,JS03090.hea,1,0,5000,head_tail
seg_000524,JS03092.hea,1,0,5000,head_tail
seg_000526,JS03096.hea,1,0,5000,head_tail
seg_000528,JS03114.hea,1,0,5000,head_tail
seg_000530,JS03122.hea,1,0,5000,head_tail
seg_000531,JS03127.hea,1,0,5000,head_tail
seg_000532,JS03133.hea,1,0,5000,head_tail
seg_000534,JS03147.hea,1,0,5000,head_tail
seg_000535,JS03150.hea,1,0,5000,head_tail
seg_000536,JS03164.hea,1,0,5000,head_tail
seg_000538,JS03172.hea,1,0,5000,head_tail
seg_000539,JS03173.hea,1,0,5000,head_tail
seg_000540,JS03186.hea,1,0,5000,head_tail
seg_000541,JS03198.hea,1,0,5000,head_tail
seg_000542,JS03205.hea,1,0,5000,head_tail
seg_000543,JS03211.hea,1,0,5000,head_tail
seg_000544,JS03221.hea,1,0,5000,head_tail
seg_000545,JS03244.hea,1,0,5000,head_tail
seg_000546,JS03248.hea,1,0,5000,head_tail
seg_000548,JS03260.hea,1,0,5000,head_tail
seg_000550,JS03282.hea,1,0,5000,head_tail
seg_000551,JS03287.hea,1,0,5000,head_tail
seg_000553,JS03303.hea,1,0,5000,head_tail
seg_000554,JS03306.hea,1,0,5000,head_tail
seg_000557,JS03310.hea,1,0,5000,head_tail
seg_000558,JS03315.hea,1,0,5000,head_tail
seg_000559,JS03316.hea,1,0,5000,head_tail
seg_000561,JS03327.hea,1,0,5000,head_tail
seg_000562,JS03334.hea,1,0,5000,head_tail
seg_000564,JS03358.hea,1,0,5000,head_tail
seg_000566,JS03362.hea,1,0,5000,head_tail
seg_000567,JS03365.hea,1,0,5000,head_tail
seg_000569,JS03367.hea,1,0,5000,head_tail
seg_000570,JS03368.hea,1,0,5000,head_tail
seg_000573,JS03382.hea,1,0,5000,head_tail
seg_000574,JS03391.hea,1,0,5000,head_tail
seg_000575,JS03393.hea,1,0,5000,head_tail
seg_000576,JS03396.hea,1,0,5000,head_tail
seg_000577,JS03399.hea,1,0,5000,head_tail
seg_000578,JS03409.hea,1,0,5000,head_tail
seg_000580,JS03417.hea,1,0,5000,head_tail
seg_000582,JS03426.hea,1,0,5000,head_tail
seg_000583,JS03434.hea,1,0,5000,head_tail
seg_000586,JS03443.hea,1,0,5000,head_tail
seg_000588,JS03464.hea,1,0,5000,head_tail
seg_000589,JS03475.hea,1,0,5000,head_tail
seg_000590,JS03477.hea,1,0,5000,head_tail
seg_000592,JS03489.hea,1,0,5000,head_tail
seg_000593,JS03491.hea,1,0,5000,head_tail
seg_000594,JS03497.hea,1,0,5000,head_tail
seg_000595,JS03501.hea,1,0,5000,head_tail
seg_000596,JS03505.hea,1,0,5000,head_tail
seg_000598,JS03508.hea,1,0,5000,head_tail
seg_000602,JS03563.hea,1,0,5000,head_tail
seg_000603,JS03564.hea,1,0,5000,head_tail
seg_000605,JS03570.hea,1,0,5000,head_tail
seg_000606,JS03581.hea,1,0,5000,head_tail
seg_000607,JS03583.hea,1,0,5000,head_tail
seg_000609,JS03586.hea,1,0,5000,head_tail
seg_000610,JS03587.hea,1,0,5000,head_tail
seg_000614,JS03600.hea,1,0,5000,head_tail
seg_000615,JS03601.hea,1,0,5000,head_tail
seg_000616,JS03603.hea,1,0,5000,head_tail
seg_000617,JS03604.hea,1,0,5000,head_tail
seg_000619,JS03610.hea,1,0,5000,head_tail
seg_000621,JS03615.hea,1,0,5000,head_tail
seg_000623,JS03623.hea,1,0,5000,head_tail
seg_000625,JS03633.hea,1,0,5000,head_tail
seg_000626,JS03634.hea,1,0,5000,head_tail
seg_000628,JS03643.hea,1,0,5000,head_tail
seg_000629,JS03647.hea,1,0,5000,head_tail
seg_000630,JS03648.hea,1,0,5000,head_tail
seg_000631,JS03659.hea,1,0,5000,head_tail
seg_000632,JS03660.hea,1,0,5000,head_tail
seg_000634,JS03663.hea,1,0,5000,head_tail
seg_000635,JS03668.hea,1,0,5000,head_tail
seg_000636,JS03672.hea,1,0,5000,head_tail
seg_000637,JS03674.hea,1,0,5000,head_tail
seg_000638,JS03676.hea,1,0,5000,head_tail
seg_000639,JS03678.hea,1,0,5000,head_tail
seg_000641,JS03689.hea,1,0,5000,head_tail
seg_000642,JS03691.hea,1,0,5000,head_tail
seg_000643,JS03697.hea,1,0,5000,head_tail
seg_000645,JS03699.hea,1,0,5000,head_tail
seg_000646,JS03707.hea,1,0,5000,head_tail
seg_000649,JS03719.hea,1,0,5000,head_tail
seg_000650,JS03726.hea,1,0,5000,head_tail
seg_000651,JS03729.hea,1,0,5000,head_tail
seg_000652,JS03731.hea,1,0,5000,head_tail
seg_000654,JS03742.hea,1,0,5000,head_tail
seg_000655,JS03746.hea,1,0,5000,head_tail
seg_000656,JS03748.hea,1,0,5000,head_tail
seg_000657,JS03756.hea,1,0,5000,head_tail
seg_000660,JS03765.hea,1,0,5000,head_tail
seg_000661,JS03766.hea,1,0,5000,head_tail
seg_000664,JS03778.hea,1,0,5000,head_tail
seg_000665,JS03792.hea,1,0,5000,head_tail
seg_000667,JS03802.hea,1,0,5000,head_tail
seg_000668,JS03811.hea,1,0,5000,head_tail
seg_000669,JS03813.hea,1,0,5000,head_tail
seg_000670,JS03830.hea,1,0,5000,head_tail
seg_000672,JS03836.hea,1,0,5000,head_tail
seg_000673,JS03838.hea,1,0,5000,head_tail
seg_000674,JS03845.hea,1,0,5000,head_tail
seg_000677,JS03853.hea,1,0,5000,head_tail
seg_000679,JS03856.hea,1,0,5000,head_tail
seg_000680,JS03858.hea,1,0,5000,head_tail
seg_000682,JS03863.hea,1,0,5000,head_tail
seg_000683,JS03865.hea,1,0,5000,head_tail
seg_000684,JS03872.hea,1,0,5000,head_tail
seg_000687,JS03877.hea,1,0,5000,head_tail
seg_000688,JS03884.hea,1,0,5000,head_tail
seg_000689,JS03891.hea,1,0,5000,head_tail
seg_000693,JS03920.hea,1,0,5000,head_tail
seg_000694,JS03932.hea,1,0,5000,head_tail
seg_000695,JS03937.hea,1,0,5000,head_tail
seg_000697,JS03950.hea,1,0,5000,head_tail
seg_000698,JS03955.hea,1,0,5000,head_tail
seg_000702,JS03989.hea,1,0,5000,head_tail
seg_000703,JS03991.hea,1,0,5000,head_tail
seg_000704,JS04001.hea,1,0,5000,head_tail
seg_000707,JS04040.hea,1,0,5000,head_tail
seg_000709,JS04052.hea,1,0,5000,head_tail
seg_000712,JS04069.hea,1,0,5000,head_tail
seg_000713,JS04073.hea,1,0,5000,head_tail
seg_000714,JS04077.hea,1,0,5000,head_tail
seg_000715,JS04083.hea,1,0,5000,head_tail
seg_000716,JS04086.hea,1,0,5000,head_tail
seg_000717,JS04094.hea,1,0,5000,head_tail
seg_000718,JS04095.hea,1,0,5000,head_tail
seg_000719,JS04098.hea,1,0,5000,head_tail
seg_000720,JS04128.hea,1,0,5000,head_tail
seg_000723,JS04154.hea,1,0,5000,head_tail
seg_000724,JS04166.hea,1,0,5000,head_tail
seg_000725,JS04174.hea,1,0,5000,head_tail
seg_000727,JS04177.hea,1,0,5000,head_tail
seg_000728,JS04191.hea,1,0,5000,head_tail
seg_000731,JS04201.hea,1,0,5000,head_tail
seg_000734,JS04207.hea,1,0,5000,head_tail
seg_000736,JS04212.hea,1,0,5000,head_tail
seg_000737,JS04215.hea,1,0,5000,head_tail
seg_000739,JS04220.hea,1,0,5000,head_tail
seg_000740,JS04222.hea,1,0,5000,head_tail
seg_000741,JS04225.hea,1,0,5000,head_tail
seg_000743,JS04232.hea,1,0,5000,head_tail
seg_000744,JS04237.hea,1,0,5000,head_tail
seg_000746,JS04243.hea,1,0,5000,head_tail
seg_000747,JS04258.hea,1,0,5000,head_tail
seg_000748,JS04259.hea,1,0,5000,head_tail
seg_000750,JS04263.hea,1,0,5000,head_tail
seg_000751,JS04277.hea,1,0,5000,head_tail
seg_000752,JS04278.hea,1,0,5000,head_tail
seg_000753,JS04279.hea,1,0,5000,head_tail
seg_000757,JS04313.hea,1,0,5000,head_tail
seg_000759,JS04321.hea,1,0,5000,head_tail
seg_000760,JS04322.hea,1,0,5000,head_tail
seg_000761,JS04323.hea,1,0,5000,head_tail
seg_000765,JS04345.hea,1,0,5000,head_tail
seg_000766,JS04347.hea,1,0,5000,head_tail
seg_000771,JS04383.hea,1,0,5000,head_tail
seg_000773,JS04386.hea,1,0,5000,head_tail
seg_000774,JS04393.hea,1,0,5000,head_tail
seg_000775,JS04394.hea,1,0,5000,head_tail
seg_000776,JS04405.hea,1,0,5000,head_tail
seg_000777,JS04407.hea,1,0,5000,head_tail
seg_000778,JS04410.hea,1,0,5000,head_tail
seg_000779,JS04411.hea,1,0,5000,head_tail
seg_000781,JS04414.hea,1,0,5000,head_tail
seg_000782,JS04417.hea,1,0,5000,head_tail
seg_000783,JS04423.hea,1,0,5000,head_tail
seg_000786,JS04430.hea,1,0,5000,head_tail
seg_000787,JS04434.hea,1,0,5000,head_tail
seg_000788,JS04440.hea,1,0,5000,head_tail
seg_000789,JS04441.hea,1,0,5000,head_tail
seg_000790,JS04447.hea,1,0,5000,head_tail
seg_000791,JS04452.hea,1,0,5000,head_tail
seg_000792,JS04459.hea,1,0,5000,head_tail
seg_000793,JS04462.hea,1,0,5000,head_tail
seg_000796,JS04471.hea,1,0,5000,head_tail
seg_000798,JS04477.hea,1,0,5000,head_tail
seg_000800,JS04501.hea,1,0,5000,head_tail
seg_000801,JS04504.hea,1,0,5000,head_tail
seg_000802,JS04506.hea,1,0,5000,head_tail
seg_000804,JS04516.hea,1,0,5000,head_tail
seg_000805,JS04520.hea,1,0,5000,head_tail
seg_000808,JS04534.hea,1,0,5000,head_tail
seg_000811,JS04549.hea,1,0,5000,head_tail
seg_000812,JS04561.hea,1,0,5000,head_tail
seg_000815,JS04579.hea,1,0,5000,head_tail
seg_000816,JS04583.hea,1,0,5000,head_tail
seg_000818,JS04596.hea,1,0,5000,head_tail
seg_000819,JS04607.hea,1,0,5000,head_tail
seg_000821,JS04618.hea,1,0,5000,head_tail
seg_000822,JS04640.hea,1,0,5000,head_tail
seg_000823,JS04646.hea,1,0,5000,head_tail
seg_000824,JS04648.hea,1,0,5000,head_tail
seg_000825,JS04667.hea,1,0,5000,head_tail
seg_000827,JS04675.hea,1,0,5000,head_tail
seg_000830,JS04685.hea,1,0,5000,head_tail
seg_000832,JS04693.hea,1,0,5000,head_tail
seg_000834,JS04698.hea,1,0,5000,head_tail
seg_000836,JS04738.hea,1,0,5000,head_tail
seg_000837,JS04740.hea,1,0,5000,head_tail
seg_000838,JS04751.hea,1,0,5000,head_tail
seg_000839,JS04770.hea,1,0,5000,head_tail
seg_000840,JS04777.hea,1,0,5000,head_tail
seg_000841,JS04780.hea,1,0,5000,head_tail
seg_000842,JS04788.hea,1,0,5000,head_tail
seg_000843,JS04796.hea,1,0,5000,head_tail
seg_000845,JS04810.hea,1,0,5000,head_tail
seg_000846,JS04815.hea,1,0,5000,head_tail
seg_000847,JS04823.hea,1,0,5000,head_tail
seg_000848,JS04828.hea,1,0,5000,head_tail
seg_000851,JS04857.hea,1,0,5000,head_tail
seg_000852,JS04879.hea,1,0,5000,head_tail
seg_000853,JS04885.hea,1,0,5000,head_tail
seg_000855,JS04899.hea,1,0,5000,head_tail
seg_000856,JS04901.hea,1,0,5000,head_tail
seg_000857,JS04914.hea,1,0,5000,head_tail
seg_000858,JS04916.hea,1,0,5000,head_tail
seg_000859,JS04918.hea,1,0,5000,head_tail
seg_000861,JS04939.hea,1,0,5000,head_tail
seg_000862,JS04944.hea,1,0,5000,head_tail
seg_000864,JS04954.hea,1,0,5000,head_tail
seg_000865,JS04956.hea,1,0,5000,head_tail
seg_000868,JS04970.hea,1,0,5000,head_tail
seg_000869,JS04971.hea,1,0,5000,head_tail
seg_000874,JS04994.hea,1,0,5000,head_tail
seg_000875,JS05006.hea,1,0,5000,head_tail
seg_000877,JS05033.hea,1,0,5000,head_tail
seg_000880,JS05047.hea,1,0,5000,head_tail
seg_000885,JS05076.hea,1,0,5000,head_tail
seg_000886,JS05084.hea,1,0,5000,head_tail
seg_000887,JS05100.hea,1,0,5000,head_tail
seg_000889,JS05106.hea,1,0,5000,head_tail
seg_000890,JS05108.hea,1,0,5000,head_tail
seg_000891,JS05110.hea,1,0,5000,head_tail
seg_000893,JS05115.hea,1,0,5000,head_tail
seg_000894,JS05137.hea,1,0,5000,head_tail
seg_000896,JS05143.hea,1,0,5000,head_tail
seg_000898,JS05165.hea,1,0,5000,head_tail
seg_000899,JS05166.hea,1,0,5000,head_tail
seg_000900,JS05181.hea,1,0,5000,head_tail
seg_000901,JS05184.hea,1,0,5000,head_tail
seg_000902,JS05193.hea,1,0,5000,head_tail
seg_000904,JS05198.hea,1,0,5000,head_tail
seg_000905,JS05202.hea,1,0,5000,head_tail
seg_000908,JS05226.hea,1,0,5000,head_tail
seg_000909,JS05230.hea,1,0,5000,head_tail
seg_000911,JS05241.hea,1,0,5000,head_tail
seg_000914,JS05249.hea,1,0,5000,head_tail
seg_000915,JS05251.hea,1,0,5000,head_tail
seg_000918,JS05270.hea,1,0,5000,head_tail
seg_000919,JS05271.hea,1,0,5000,head_tail
seg_000920,JS05275.hea,1,0,5000,head_tail
seg_000921,JS05277.hea,1,0,5000,head_tail
seg_000923,JS05284.hea,1,0,5000,head_tail
seg_000925,JS05287.hea,1,0,5000,head_tail
seg_000927,JS05296.hea,1,0,5000,head_tail
seg_000928,JS05300.hea,1,0,5000,head_tail
seg_000930,JS05309.hea,1,0,5000,head_tail
seg_000931,JS05310.hea,1,0,5000,head_tail
seg_000933,JS05329.hea,1,0,5000,head_tail
seg_000934,JS05331.hea,1,0,5000,head_tail
seg_000936,JS05348.hea,1,0,5000,head_tail
seg_000937,JS05349.hea,1,0,5000,head_tail
seg_000938,JS05351.hea,1,0,5000,head_tail
seg_000941,JS05361.hea,1,0,5000,head_tail
seg_000942,JS05362.hea,1,0,5000,head_tail
seg_000944,JS05372.hea,1,0,5000,head_tail
seg_000945,JS05383.hea,1,0,5000,head_tail
seg_000946,JS05385.hea,1,0,5000,head_tail
seg_000947,JS05388.hea,1,0,5000,head_tail
seg_000948,JS05389.hea,1,0,5000,head_tail
seg_000951,JS05403.hea,1,0,5000,head_tail
seg_000952,JS05404.hea,1,0,5000,head_tail
seg_000954,JS05419.hea,1,0,5000,head_tail
seg_000955,JS05425.hea,1,0,5000,head_tail
seg_000956,JS05430.hea,1,0,5000,head_tail
seg_000957,JS05431.hea,1,0,5000,head_tail
seg_000959,JS05441.hea,1,0,5000,head_tail
seg_000962,JS05456.hea,1,0,5000,head_tail
seg_000963,JS05463.hea,1,0,5000,head_tail
seg_000964,JS05473.hea,1,0,5000,head_tail
seg_000965,JS05475.hea,1,0,5000,head_tail
seg_000966,JS05480.hea,1,0,5000,head_tail
seg_000968,JS05499.hea,1,0,5000,head_tail
seg_000971,JS05515.hea,1,0,5000,head_tail
seg_000972,JS05520.hea,1,0,5000,head_tail
seg_000974,JS05530.hea,1,0,5000,head_tail
seg_000976,JS05536.hea,1,0,5000,head_tail
seg_000978,JS05540.hea,1,0,5000,head_tail
seg_000979,JS05541.hea,1,0,5000,head_tail
seg_000980,JS05548.hea,1,0,5000,head_tail
seg_000982,JS05555.hea,1,0,5000,head_tail
seg_000983,JS05564.hea,1,0,5000,head_tail
seg_000984,JS05580.hea,1,0,5000,head_tail
seg_000986,JS05589.hea,1,0,5000,head_tail
seg_000989,JS05599.hea,1,0,5000,head_tail
seg_000991,JS05613.hea,1,0,5000,head_tail
seg_000997,JS05660.hea,1,0,5000,head_tail
seg_000998,JS05662.hea,1,0,5000,head_tail
seg_000999,JS05678.hea,1,0,5000,head_tail
seg_001000,JS05682.hea,1,0,5000,head_tail
seg_001001,JS05690.hea,1,0,5000,head_tail
seg_001003,JS05694.hea,1,0,5000,head_tail
seg_001004,JS05699.hea,1,0,5000,head_tail
seg_001006,JS05703.hea,1,0,5000,head_tail
seg_001008,JS05710.hea,1,0,5000,head_tail
seg_001009,JS05713.hea,1,0,5000,head_tail
seg_001011,JS05722.hea,1,0,5000,head_tail
seg_001014,JS05745.hea,1,0,5000,head_tail
seg_001016,JS05747.hea,1,0,5000,head_tail
seg_001017,JS05752.hea,1,0,5000,head_tail
seg_001018,JS05753.hea,1,0,5000,head_tail
seg_001019,JS05763.hea,1,0,5000,head_tail
seg_001020,JS05767.hea,1,0,5000,head_tail
seg_001021,JS05770.hea,1,0,5000,head_tail
seg_001023,JS05777.hea,1,0,5000,head_tail
seg_001024,JS05780.hea,1,0,5000,head_tail
seg_001025,JS05787.hea,1,0,5000,head_tail
seg_001026,JS05789.hea,1,0,5000,head_tail
seg_001028,JS05792.hea,1,0,5000,head_tail
seg_001030,JS05814.hea,1,0,5000,head_tail
seg_001031,JS05826.hea,1,0,5000,head_tail
seg_001032,JS05839.hea,1,0,5000,head_tail
seg_001034,JS05850.hea,1,0,5000,head_tail
seg_001035,JS05861.hea,1,0,5000,head_tail
seg_001039,JS05885.hea,1,0,5000,head_tail
seg_001041,JS05889.hea,1,0,5000,head_tail
seg_001043,JS05897.hea,1,0,5000,head_tail
seg_001044,JS05923.hea,1,0,5000,head_tail
seg_001047,JS05935.hea,1,0,5000,head_tail
seg_001048,JS05941.hea,1,0,5000,head_tail
seg_001050,JS05953.hea,1,0,5000,head_tail
seg_001051,JS05956.hea,1,0,5000,head_tail
seg_001053,JS05967.hea,1,0,5000,head_tail
seg_001054,JS05968.hea,1,0,5000,head_tail
seg_001055,JS05973.hea,1,0,5000,head_tail
seg_001056,JS05974.hea,1,0,5000,head_tail
seg_001057,JS05976.hea,1,0,5000,head_tail
seg_001060,JS05987.hea,1,0,5000,head_tail
seg_001061,JS05989.hea,1,0,5000,head_tail
seg_001062,JS05990.hea,1,0,5000,head_tail
seg_001064,JS06001.hea,1,0,5000,head_tail
seg_001067,JS06019.hea,1,0,5000,head_tail
seg_001068,JS06023.hea,1,0,5000,head_tail
seg_001071,JS06040.hea,1,0,5000,head_tail
seg_001073,JS06051.hea,1,0,5000,head_tail
seg_001074,JS06053.hea,1,0,5000,head_tail
seg_001077,JS06063.hea,1,0,5000,head_tail
seg_001078,JS06067.hea,1,0,5000,head_tail
seg_001079,JS06076.hea,1,0,5000,head_tail
seg_001082,JS06085.hea,1,0,5000,head_tail
seg_001083,JS06090.hea,1,0,5000,head_tail
seg_001086,JS06097.hea,1,0,5000,head_tail
seg_001087,JS06099.hea,1,0,5000,head_tail
seg_001089,JS06128.hea,1,0,5000,head_tail
seg_001090,JS06150.hea,1,0,5000,head_tail
seg_001091,JS06160.hea,1,0,5000,head_tail
seg_001093,JS06173.hea,1,0,5000,head_tail
seg_001094,JS06181.hea,1,0,5000,head_tail
seg_001097,JS06194.hea,1,0,5000,head_tail
seg_001098,JS06205.hea,1,0,5000,head_tail
seg_001099,JS06209.hea,1,0,5000,head_tail
seg_001101,JS06221.hea,1,0,5000,head_tail
seg_001102,JS06227.hea,1,0,5000,head_tail
seg_001105,JS06239.hea,1,0,5000,head_tail
seg_001107,JS06247.hea,1,0,5000,head_tail
seg_001108,JS06250.hea,1,0,5000,head_tail
seg_001110,JS06253.hea,1,0,5000,head_tail
seg_001111,JS06257.hea,1,0,5000,head_tail
seg_001112,JS06258.hea,1,0,5000,head_tail
seg_001114,JS06271.hea,1,0,5000,head_tail
seg_001115,JS06277.hea,1,0,5000,head_tail
seg_001116,JS06279.hea,1,0,5000,head_tail
seg_001118,JS06287.hea,1,0,5000,head_tail
seg_001120,JS06297.hea,1,0,5000,head_tail
seg_001121,JS06303.hea,1,0,5000,head_tail
seg_001122,JS06306.hea,1,0,5000,head_tail
seg_001123,JS06314.hea,1,0,5000,head_tail
seg_001126,JS06347.hea,1,0,5000,head_tail
seg_001128,JS06351.hea,1,0,5000,head_tail
seg_001129,JS06352.hea,1,0,5000,head_tail
seg_001131,JS06370.hea,1,0,5000,head_tail
seg_001132,JS06372.hea,1,0,5000,head_tail
seg_001134,JS06379.hea,1,0,5000,head_tail
seg_001136,JS06384.hea,1,0,5000,head_tail
seg_001137,JS06400.hea,1,0,5000,head_tail
seg_001139,JS06406.hea,1,0,5000,head_tail
seg_001140,JS06419.hea,1,0,5000,head_tail
seg_001142,JS06430.hea,1,0,5000,head_tail
seg_001143,JS06432.hea,1,0,5000,head_tail
seg_001146,JS06444.hea,1,0,5000,head_tail
seg_001147,JS06449.hea,1,0,5000,head_tail
seg_001150,JS06461.hea,1,0,5000,head_tail
seg_001151,JS06464.hea,1,0,5000,head_tail
seg_001153,JS06476.hea,1,0,5000,head_tail
seg_001154,JS06477.hea,1,0,5000,head_tail
seg_001155,JS06479.hea,1,0,5000,head_tail
seg_001157,JS06492.hea,1,0,5000,head_tail
seg_001158,JS06493.hea,1,0,5000,head_tail
seg_001160,JS06501.hea,1,0,5000,head_tail
seg_001162,JS06507.hea,1,0,5000,head_tail
seg_001164,JS06519.hea,1,0,5000,head_tail
seg_001165,JS06524.hea,1,0,5000,head_tail
seg_001166,JS06533.hea,1,0,5000,head_tail
seg_001169,JS06550.hea,1,0,5000,head_tail
seg_001171,JS06567.hea,1,0,5000,head_tail
seg_001172,JS06572.hea,1,0,5000,head_tail
seg_001173,JS06577.hea,1,0,5000,head_tail
seg_001175,JS06581.hea,1,0,5000,head_tail
seg_001176,JS06584.hea,1,0,5000,head_tail
seg_001177,JS06602.hea,1,0,5000,head_tail
seg_001179,JS06604.hea,1,0,5000,head_tail
seg_001180,JS06616.hea,1,0,5000,head_tail
seg_001181,JS06618.hea,1,0,5000,head_tail
seg_001183,JS06626.hea,1,0,5000,head_tail
seg_001184,JS06632.hea,1,0,5000,head_tail
seg_001185,JS06645.hea,1,0,5000,head_tail
seg_001187,JS06650.hea,1,0,5000,head_tail
seg_001188,JS06680.hea,1,0,5000,head_tail
seg_001189,JS06681.hea,1,0,5000,head_tail
seg_001190,JS06682.hea,1,0,5000,head_tail
seg_001195,JS06722.hea,1,0,5000,head_tail
seg_001197,JS06732.hea,1,0,5000,head_tail
seg_001200,JS06785.hea,1,0,5000,head_tail
seg_001201,JS06798.hea,1,0,5000,head_tail
seg_001202,JS06799.hea,1,0,5000,head_tail
seg_001205,JS06824.hea,1,0,5000,head_tail
seg_001206,JS06827.hea,1,0,5000,head_tail
seg_001207,JS06829.hea,1,0,5000,head_tail
seg_001209,JS06831.hea,1,0,5000,head_tail
seg_001211,JS06834.hea,1,0,5000,head_tail
seg_001213,JS06844.hea,1,0,5000,head_tail
seg_001214,JS06848.hea,1,0,5000,head_tail
seg_001216,JS06866.hea,1,0,5000,head_tail
seg_001218,JS06869.hea,1,0,5000,head_tail
seg_001219,JS06873.hea,1,0,5000,head_tail
seg_001222,JS06889.hea,1,0,5000,head_tail
seg_001223,JS06891.hea,1,0,5000,head_tail
seg_001224,JS06899.hea,1,0,5000,head_tail
seg_001225,JS06901.hea,1,0,5000,head_tail
seg_001226,JS06906.hea,1,0,5000,head_tail
seg_001228,JS06919.hea,1,0,5000,head_tail
seg_001230,JS06927.hea,1,0,5000,head_tail
seg_001233,JS06937.hea,1,0,5000,head_tail
seg_001234,JS06938.hea,1,0,5000,head_tail
seg_001235,JS06941.hea,1,0,5000,head_tail
seg_001238,JS06954.hea,1,0,5000,head_tail
seg_001239,JS06965.hea,1,0,5000,head_tail
seg_001241,JS06976.hea,1,0,5000,head_tail
seg_001243,JS06987.hea,1,0,5000,head_tail
seg_001245,JS06997.hea,1,0,5000,head_tail
seg_001246,JS07001.hea,1,0,5000,head_tail
seg_001248,JS07009.hea,1,0,5000,head_tail
seg_001249,JS07012.hea,1,0,5000,head_tail
seg_001251,JS07029.hea,1,0,5000,head_tail
seg_001253,JS07052.hea,1,0,5000,head_tail
seg_001254,JS07060.hea,1,0,5000,head_tail
seg_001256,JS07070.hea,1,0,5000,head_tail
seg_001258,JS07099.hea,1,0,5000,head_tail
seg_001259,JS07102.hea,1,0,5000,head_tail
seg_001261,JS07113.hea,1,0,5000,head_tail
seg_001262,JS07117.hea,1,0,5000,head_tail
seg_001263,JS07121.hea,1,0,5000,head_tail
seg_001264,JS07129.hea,1,0,5000,head_tail
seg_001266,JS07134.hea,1,0,5000,head_tail
seg_001267,JS07141.hea,1,0,5000,head_tail
seg_001269,JS07143.hea,1,0,5000,head_tail
seg_001271,JS07150.hea,1,0,5000,head_tail
seg_001274,JS07165.hea,1,0,5000,head_tail
seg_001275,JS07168.hea,1,0,5000,head_tail
seg_001277,JS07178.hea,1,0,5000,head_tail
seg_001278,JS07179.hea,1,0,5000,head_tail
seg_001279,JS07199.hea,1,0,5000,head_tail
seg_001280,JS07218.hea,1,0,5000,head_tail
seg_001282,JS07235.hea,1,0,5000,head_tail
seg_001283,JS07237.hea,1,0,5000,head_tail
seg_001285,JS07242.hea,1,0,5000,head_tail
seg_001287,JS07257.hea,1,0,5000,head_tail
seg_001288,JS07261.hea,1,0,5000,head_tail
seg_001289,JS07264.hea,1,0,5000,head_tail
seg_001290,JS07268.hea,1,0,5000,head_tail
seg_001292,JS07286.hea,1,0,5000,head_tail
seg_001294,JS07294.hea,1,0,5000,head_tail
seg_001296,JS07310.hea,1,0,5000,head_tail
seg_001297,JS07312.hea,1,0,5000,head_tail
seg_001299,JS07320.hea,1,0,5000,head_tail
seg_001300,JS07328.hea,1,0,5000,head_tail
seg_001302,JS07334.hea,1,0,5000,head_tail
seg_001303,JS07335.hea,1,0,5000,head_tail
seg_001304,JS07345.hea,1,0,5000,head_tail
seg_001306,JS07354.hea,1,0,5000,head_tail
seg_001307,JS07356.hea,1,0,5000,head_tail
seg_001309,JS07362.hea,1,0,5000,head_tail
seg_001310,JS07402.hea,1,0,5000,head_tail
seg_001311,JS07412.hea,1,0,5000,head_tail
seg_001314,JS07432.hea,1,0,5000,head_tail
seg_001315,JS07434.hea,1,0,5000,head_tail
seg_001317,JS07445.hea,1,0,5000,head_tail
seg_001318,JS07463.hea,1,0,5000,head_tail
seg_001321,JS07479.hea,1,0,5000,head_tail
seg_001324,JS07493.hea,1,0,5000,head_tail
seg_001326,JS07508.hea,1,0,5000,head_tail
seg_001327,JS07517.hea,1,0,5000,head_tail
seg_001328,JS07518.hea,1,0,5000,head_tail
seg_001330,JS07526.hea,1,0,5000,head_tail
seg_001332,JS07537.hea,1,0,5000,head_tail
seg_001333,JS07548.hea,1,0,5000,head_tail
seg_001335,JS07555.hea,1,0,5000,head_tail
seg_001339,JS07594.hea,1,0,5000,head_tail
seg_001340,JS07596.hea,1,0,5000,head_tail
seg_001342,JS07608.hea,1,0,5000,head_tail
seg_001344,JS07626.hea,1,0,5000,head_tail
seg_001346,JS07643.hea,1,0,5000,head_tail
seg_001348,JS07650.hea,1,0,5000,head_tail
seg_001350,JS07669.hea,1,0,5000,head_tail
seg_001351,JS07672.hea,1,0,5000,head_tail
seg_001352,JS07673.hea,1,0,5000,head_tail
seg_001354,JS07678.hea,1,0,5000,head_tail
seg_001355,JS07683.hea,1,0,5000,head_tail
seg_001356,JS07692.hea,1,0,5000,head_tail
seg_001357,JS07702.hea,1,0,5000,head_tail
seg_001359,JS07705.hea,1,0,5000,head_tail
seg_001361,JS07727.hea,1,0,5000,head_tail
seg_001362,JS07729.hea,1,0,5000,head_tail
seg_001363,JS07737.hea,1,0,5000,head_tail
seg_001365,JS07754.hea,1,0,5000,head_tail
seg_001366,JS07759.hea,1,0,5000,head_tail
seg_001367,JS07770.hea,1,0,5000,head_tail
seg_001368,JS07775.hea,1,0,5000,head_tail
seg_001369,JS07776.hea,1,0,5000,head_tail
seg_001372,JS07779.hea,1,0,5000,head_tail
seg_001375,JS07810.hea,1,0,5000,head_tail
seg_001376,JS07812.hea,1,0,5000,head_tail
seg_001378,JS07814.hea,1,0,5000,head_tail
seg_001379,JS07821.hea,1,0,5000,head_tail
seg_001380,JS07831.hea,1,0,5000,head_tail
seg_001381,JS07834.hea,1,0,5000,head_tail
seg_001382,JS07836.hea,1,0,5000,head_tail
seg_001383,JS07839.hea,1,0,5000,head_tail
seg_001386,JS07846.hea,1,0,5000,head_tail
seg_001387,JS07852.hea,1,0,5000,head_tail
seg_001389,JS07858.hea,1,0,5000,head_tail
seg_001390,JS07864.hea,1,0,5000,head_tail
seg_001393,JS07893.hea,1,0,5000,head_tail
seg_001394,JS07894.hea,1,0,5000,head_tail
seg_001396,JS07902.hea,1,0,5000,head_tail
seg_001397,JS07903.hea,1,0,5000,head_tail
seg_001398,JS07907.hea,1,0,5000,head_tail
seg_001399,JS07913.hea,1,0,5000,head_tail
seg_001401,JS07924.hea,1,0,5000,head_tail
seg_001402,JS07936.hea,1,0,5000,head_tail
seg_001404,JS07939.hea,1,0,5000,head_tail
seg_001406,JS07948.hea,1,0,5000,head_tail
seg_001407,JS07951.hea,1,0,5000,head_tail
seg_001408,JS07955.hea,1,0,5000,head_tail
seg_001410,JS07970.hea,1,0,5000,head_tail
seg_001412,JS07987.hea,1,0,5000,head_tail
seg_001413,JS07992.hea,1,0,5000,head_tail
seg_001416,JS08016.hea,1,0,5000,head_tail
seg_001417,JS08018.hea,1,0,5000,head_tail
seg_001420,JS08028.hea,1,0,5000,head_tail
seg_001421,JS08037.hea,1,0,5000,head_tail
seg_001423,JS08041.hea,1,0,5000,head_tail
seg_001424,JS08043.hea,1,0,5000,head_tail
seg_001428,JS08071.hea,1,0,5000,head_tail
seg_001429,JS08076.hea,1,0,5000,head_tail
seg_001431,JS08078.hea,1,0,5000,head_tail
seg_001432,JS08083.hea,1,0,5000,head_tail
seg_001435,JS08114.hea,1,0,5000,head_tail
seg_001436,JS08116.hea,1,0,5000,head_tail
seg_001438,JS08125.hea,1,0,5000,head_tail
seg_001440,JS08140.hea,1,0,5000,head_tail
seg_001443,JS08147.hea,1,0,5000,head_tail
seg_001444,JS08161.hea,1,0,5000,head_tail
seg_001445,JS08162.hea,1,0,5000,head_tail
seg_001446,JS08177.hea,1,0,5000,head_tail
seg_001449,JS08183.hea,1,0,5000,head_tail
seg_001450,JS08195.hea,1,0,5000,head_tail
seg_001452,JS08201.hea,1,0,5000,head_tail
seg_001453,JS08202.hea,1,0,5000,head_tail
seg_001454,JS08213.hea,1,0,5000,head_tail
seg_001455,JS08214.hea,1,0,5000,head_tail
seg_001456,JS08216.hea,1,0,5000,head_tail
seg_001458,JS08236.hea,1,0,5000,head_tail
seg_001460,JS08243.hea,1,0,5000,head_tail
seg_001462,JS08247.hea,1,0,5000,head_tail
seg_001464,JS08261.hea,1,0,5000,head_tail
seg_001465,JS08278.hea,1,0,5000,head_tail
seg_001466,JS08280.hea,1,0,5000,head_tail
seg_001469,JS08302.hea,1,0,5000,head_tail
seg_001472,JS08319.hea,1,0,5000,head_tail
seg_001474,JS08325.hea,1,0,5000,head_tail
seg_001476,JS08334.hea,1,0,5000,head_tail
seg_001477,JS08336.hea,1,0,5000,head_tail
seg_001480,JS08363.hea,1,0,5000,head_tail
seg_001481,JS08368.hea,1,0,5000,head_tail
seg_001482,JS08370.hea,1,0,5000,head_tail
seg_001484,JS08383.hea,1,0,5000,head_tail
seg_001485,JS08384.hea,1,0,5000,head_tail
seg_001486,JS08385.hea,1,0,5000,head_tail
seg_001488,JS08410.hea,1,0,5000,head_tail
seg_001489,JS08418.hea,1,0,5000,head_tail
seg_001490,JS08437.hea,1,0,5000,head_tail
seg_001491,JS08441.hea,1,0,5000,head_tail
seg_001493,JS08447.hea,1,0,5000,head_tail
seg_001497,JS08470.hea,1,0,5000,head_tail
seg_001500,JS08480.hea,1,0,5000,head_tail
seg_001501,JS08481.hea,1,0,5000,head_tail
seg_001502,JS08483.hea,1,0,5000,head_tail
seg_001503,JS08493.hea,1,0,5000,head_tail
seg_001505,JS08497.hea,1,0,5000,head_tail
seg_001509,JS08519.hea,1,0,5000,head_tail
seg_001510,JS08527.hea,1,0,5000,head_tail
seg_001512,JS08538.hea,1,0,5000,head_tail
seg_001513,JS08546.hea,1,0,5000,head_tail
seg_001516,JS08562.hea,1,0,5000,head_tail
seg_001519,JS08574.hea,1,0,5000,head_tail
seg_001520,JS08575.hea,1,0,5000,head_tail
seg_001522,JS08578.hea,1,0,5000,head_tail
seg_001523,JS08582.hea,1,0,5000,head_tail
seg_001526,JS08593.hea,1,0,5000,head_tail
seg_001527,JS08601.hea,1,0,5000,head_tail
seg_001529,JS08607.hea,1,0,5000,head_tail
seg_001530,JS08610.hea,1,0,5000,head_tail
seg_001532,JS08614.hea,1,0,5000,head_tail
seg_001535,JS08628.hea,1,0,5000,head_tail
seg_001538,JS08643.hea,1,0,5000,head_tail
seg_001539,JS08644.hea,1,0,5000,head_tail
seg_001541,JS08651.hea,1,0,5000,head_tail
seg_001542,JS08659.hea,1,0,5000,head_tail
seg_001543,JS08661.hea,1,0,5000,head_tail
seg_001546,JS08673.hea,1,0,5000,head_tail
seg_001547,JS08690.hea,1,0,5000,head_tail
seg_001549,JS08700.hea,1,0,5000,head_tail
seg_001551,JS08703.hea,1,0,5000,head_tail
seg_001552,JS08704.hea,1,0,5000,head_tail
seg_001554,JS08706.hea,1,0,5000,head_tail
seg_001555,JS08707.hea,1,0,5000,head_tail
seg_001556,JS08712.hea,1,0,5000,head_tail
seg_001557,JS08721.hea,1,0,5000,head_tail
seg_001558,JS08728.hea,1,0,5000,head_tail
seg_001560,JS08734.hea,1,0,5000,head_tail
seg_001561,JS08736.hea,1,0,5000,head_tail
seg_001562,JS08738.hea,1,0,5000,head_tail
seg_001564,JS08751.hea,1,0,5000,head_tail
seg_001568,JS08764.hea,1,0,5000,head_tail
seg_001569,JS08766.hea,1,0,5000,head_tail
seg_001571,JS08788.hea,1,0,5000,head_tail
seg_001572,JS08801.hea,1,0,5000,head_tail
seg_001573,JS08804.hea,1,0,5000,head_tail
seg_001575,JS08819.hea,1,0,5000,head_tail
seg_001576,JS08821.hea,1,0,5000,head_tail
seg_001578,JS08844.hea,1,0,5000,head_tail
seg_001579,JS08845.hea,1,0,5000,head_tail
seg_001581,JS08852.hea,1,0,5000,head_tail
seg_001583,JS08855.hea,1,0,5000,head_tail
seg_001584,JS08857.hea,1,0,5000,head_tail
seg_001587,JS08867.hea,1,0,5000,head_tail
seg_001588,JS08887.hea,1,0,5000,head_tail
seg_001591,JS08895.hea,1,0,5000,head_tail
seg_001592,JS08898.hea,1,0,5000,head_tail
seg_001594,JS08909.hea,1,0,5000,head_tail
seg_001596,JS08918.hea,1,0,5000,head_tail
seg_001598,JS08930.hea,1,0,5000,head_tail
seg_001600,JS08942.hea,1,0,5000,head_tail
seg_001601,JS08943.hea,1,0,5000,head_tail
seg_001602,JS08946.hea,1,0,5000,head_tail
seg_001605,JS08964.hea,1,0,5000,head_tail
seg_001607,JS08973.hea,1,0,5000,head_tail
seg_001608,JS08974.hea,1,0,5000,head_tail
seg_001609,JS08975.hea,1,0,5000,head_tail
seg_001610,JS08994.hea,1,0,5000,head_tail
seg_001611,JS08998.hea,1,0,5000,head_tail
seg_001612,JS09003.hea,1,0,5000,head_tail
seg_001613,JS09004.hea,1,0,5000,head_tail
seg_001614,JS09005.hea,1,0,5000,head_tail
seg_001615,JS09010.hea,1,0,5000,head_tail
seg_001617,JS09023.hea,1,0,5000,head_tail
seg_001619,JS09031.hea,1,0,5000,head_tail
seg_001620,JS09046.hea,1,0,5000,head_tail
seg_001621,JS09052.hea,1,0,5000,head_tail
seg_001622,JS09061.hea,1,0,5000,head_tail
seg_001623,JS09062.hea,1,0,5000,head_tail
seg_001626,JS09087.hea,1,0,5000,head_tail
seg_001627,JS09091.hea,1,0,5000,head_tail
seg_001630,JS09100.hea,1,0,5000,head_tail
seg_001633,JS09113.hea,1,0,5000,head_tail
seg_001634,JS09114.hea,1,0,5000,head_tail
seg_001638,JS09142.hea,1,0,5000,head_tail
seg_001639,JS09150.hea,1,0,5000,head_tail
seg_001640,JS09162.hea,1,0,5000,head_tail
seg_001641,JS09168.hea,1,0,5000,head_tail
seg_001644,JS09173.hea,1,0,5000,head_tail
seg_001646,JS09192.hea,1,0,5000,head_tail
seg_001647,JS09194.hea,1,0,5000,head_tail
seg_001648,JS09211.hea,1,0,5000,head_tail
seg_001650,JS09214.hea,1,0,5000,head_tail
seg_001652,JS09222.hea,1,0,5000,head_tail
seg_001655,JS09237.hea,1,0,5000,head_tail
seg_001658,JS09270.hea,1,0,5000,head_tail
seg_001659,JS09271.hea,1,0,5000,head_tail
seg_001660,JS09272.hea,1,0,5000,head_tail
seg_001662,JS09290.hea,1,0,5000,head_tail
seg_001663,JS09291.hea,1,0,5000,head_tail
seg_001664,JS09296.hea,1,0,5000,head_tail
seg_001665,JS09302.hea,1,0,5000,head_tail
seg_001666,JS09311.hea,1,0,5000,head_tail
seg_001667,JS09317.hea,1,0,5000,head_tail
seg_001668,JS09323.hea,1,0,5000,head_tail
seg_001669,JS09324.hea,1,0,5000,head_tail
seg_001670,JS09327.hea,1,0,5000,head_tail
seg_001672,JS09344.hea,1,0,5000,head_tail
seg_001675,JS09353.hea,1,0,5000,head_tail
seg_001677,JS09370.hea,1,0,5000,head_tail
seg_001678,JS09374.hea,1,0,5000,head_tail
seg_001680,JS09382.hea,1,0,5000,head_tail
seg_001681,JS09388.hea,1,0,5000,head_tail
seg_001683,JS09397.hea,1,0,5000,head_tail
seg_001684,JS09398.hea,1,0,5000,head_tail
seg_001686,JS09406.hea,1,0,5000,head_tail
seg_001687,JS09410.hea,1,0,5000,head_tail
seg_001688,JS09411.hea,1,0,5000,head_tail
seg_001689,JS09435.hea,1,0,5000,head_tail
seg_001690,JS09458.hea,1,0,5000,head_tail
seg_001691,JS09464.hea,1,0,5000,head_tail
seg_001693,JS09469.hea,1,0,5000,head_tail
seg_001695,JS09473.hea,1,0,5000,head_tail
seg_001696,JS09481.hea,1,0,5000,head_tail
seg_001697,JS09486.hea,1,0,5000,head_tail
seg_001698,JS09488.hea,1,0,5000,head_tail
seg_001700,JS09499.hea,1,0,5000,head_tail
seg_001702,JS09512.hea,1,0,5000,head_tail
seg_001703,JS09514.hea,1,0,5000,head_tail
seg_001704,JS09530.hea,1,0,5000,head_tail
seg_001705,JS09532.hea,1,0,5000,head_tail
seg_001707,JS09539.hea,1,0,5000,head_tail
seg_001708,JS09540.hea,1,0,5000,head_tail
seg_001712,JS09590.hea,1,0,5000,head_tail
seg_001713,JS09591.hea,1,0,5000,head_tail
seg_001714,JS09593.hea,1,0,5000,head_tail
seg_001716,JS09602.hea,1,0,5000,head_tail
seg_001717,JS09605.hea,1,0,5000,head_tail
seg_001719,JS09612.hea,1,0,5000,head_tail
seg_001721,JS09618.hea,1,0,5000,head_tail
seg_001723,JS09627.hea,1,0,5000,head_tail
seg_001725,JS09637.hea,1,0,5000,head_tail
seg_001726,JS09638.hea,1,0,5000,head_tail
seg_001729,JS09656.hea,1,0,5000,head_tail
seg_001730,JS09659.hea,1,0,5000,head_tail
seg_001732,JS09673.hea,1,0,5000,head_tail
seg_001733,JS09675.hea,1,0,5000,head_tail
seg_001734,JS09678.hea,1,0,5000,head_tail
seg_001737,JS09693.hea,1,0,5000,head_tail
seg_001738,JS09695.hea,1,0,5000,head_tail
seg_001739,JS09701.hea,1,0,5000,head_tail
seg_001742,JS09707.hea,1,0,5000,head_tail
seg_001743,JS09709.hea,1,0,5000,head_tail
seg_001744,JS09710.hea,1,0,5000,head_tail
seg_001745,JS09717.hea,1,0,5000,head_tail
seg_001746,JS09723.hea,1,0,5000,head_tail
seg_001747,JS09724.hea,1,0,5000,head_tail
seg_001749,JS09749.hea,1,0,5000,head_tail
seg_001751,JS09761.hea,1,0,5000,head_tail
seg_001752,JS09784.hea,1,0,5000,head_tail
seg_001754,JS09793.hea,1,0,5000,head_tail
seg_001756,JS09806.hea,1,0,5000,head_tail
seg_001757,JS09807.hea,1,0,5000,head_tail
seg_001758,JS09812.hea,1,0,5000,head_tail
seg_001761,JS09821.hea,1,0,5000,head_tail
seg_001762,JS09830.hea,1,0,5000,head_tail
seg_001765,JS09839.hea,1,0,5000,head_tail
seg_001766,JS09842.hea,1,0,5000,head_tail
seg_001770,JS09857.hea,1,0,5000,head_tail
seg_001772,JS09865.hea,1,0,5000,head_tail
seg_001773,JS09874.hea,1,0,5000,head_tail
seg_001774,JS09881.hea,1,0,5000,head_tail
seg_001775,JS09883.hea,1,0,5000,head_tail
seg_001776,JS09885.hea,1,0,5000,head_tail
seg_001777,JS09890.hea,1,0,5000,head_tail
seg_001778,JS09897.hea,1,0,5000,head_tail
seg_001780,JS00008.hea,0,0,5000,head_tail
seg_001781,JS00021.hea,0,0,5000,head_tail
seg_001782,JS00042.hea,0,0,5000,head_tail
seg_001783,JS00047.hea,0,0,5000,head_tail
seg_001784,JS00051.hea,0,0,5000,head_tail
seg_001785,JS00058.hea,0,0,5000,head_tail
seg_001787,JS00063.hea,0,0,5000,head_tail
seg_001788,JS00068.hea,0,0,5000,head_tail
seg_001790,JS00072.hea,0,0,5000,head_tail
seg_001791,JS00076.hea,0,0,5000,head_tail
seg_001792,JS00097.hea,0,0,5000,head_tail
seg_001795,JS00154.hea,0,0,5000,head_tail
seg_001798,JS00174.hea,0,0,5000,head_tail
seg_001799,JS00181.hea,0,0,5000,head_tail
seg_001800,JS00187.hea,0,0,5000,head_tail
seg_001801,JS00203.hea,0,0,5000,head_tail
seg_001802,JS00207.hea,0,0,5000,head_tail
seg_001803,JS00218.hea,0,0,5000,head_tail
seg_001806,JS00224.hea,0,0,5000,head_tail
seg_001807,JS00236.hea,0,0,5000,head_tail
seg_001808,JS00245.hea,0,0,5000,head_tail
seg_001809,JS00252.hea,0,0,5000,head_tail
seg_001811,JS00265.hea,0,0,5000,head_tail
seg_001813,JS00280.hea,0,0,5000,head_tail
seg_001814,JS00283.hea,0,0,5000,head_tail
seg_001815,JS00286.hea,0,0,5000,head_tail
seg_001817,JS00299.hea,0,0,5000,head_tail
seg_001818,JS00307.hea,0,0,5000,head_tail
seg_001821,JS00324.hea,0,0,5000,head_tail
seg_001822,JS00333.hea,0,0,5000,head_tail
seg_001823,JS00351.hea,0,0,5000,head_tail
seg_001824,JS00368.hea,0,0,5000,head_tail
seg_001828,JS00384.hea,0,0,5000,head_tail
seg_001829,JS00386.hea,0,0,5000,head_tail
seg_001830,JS00388.hea,0,0,5000,head_tail
seg_001833,JS00396.hea,0,0,5000,head_tail
seg_001834,JS00401.hea,0,0,5000,head_tail
seg_001835,JS00407.hea,0,0,5000,head_tail
seg_001836,JS00413.hea,0,0,5000,head_tail
seg_001838,JS00448.hea,0,0,5000,head_tail
seg_001840,JS00457.hea,0,0,5000,head_tail
seg_001841,JS00461.hea,0,0,5000,head_tail
seg_001843,JS00472.hea,0,0,5000,head_tail
seg_001844,JS00473.hea,0,0,5000,head_tail
seg_001845,JS00482.hea,0,0,5000,head_tail
seg_001847,JS00506.hea,0,0,5000,head_tail
seg_001848,JS00512.hea,0,0,5000,head_tail
seg_001849,JS00518.hea,0,0,5000,head_tail
seg_001851,JS00532.hea,0,0,5000,head_tail
seg_001853,JS00556.hea,0,0,5000,head_tail
seg_001854,JS00566.hea,0,0,5000,head_tail
seg_001856,JS00577.hea,0,0,5000,head_tail
seg_001858,JS00581.hea,0,0,5000,head_tail
seg_001859,JS00582.hea,0,0,5000,head_tail
seg_001861,JS00598.hea,0,0,5000,head_tail
seg_001864,JS00617.hea,0,0,5000,head_tail
seg_001865,JS00637.hea,0,0,5000,head_tail
seg_001868,JS00645.hea,0,0,5000,head_tail
seg_001870,JS00659.hea,0,0,5000,head_tail
seg_001871,JS00660.hea,0,0,5000,head_tail
seg_001873,JS00667.hea,0,0,5000,head_tail
seg_001874,JS00674.hea,0,0,5000,head_tail
seg_001875,JS00675.hea,0,0,5000,head_tail
seg_001877,JS00682.hea,0,0,5000,head_tail
seg_001880,JS00712.hea,0,0,5000,head_tail
seg_001882,JS00719.hea,0,0,5000,head_tail
seg_001883,JS00722.hea,0,0,5000,head_tail
seg_001884,JS00723.hea,0,0,5000,head_tail
seg_001885,JS00726.hea,0,0,5000,head_tail
seg_001887,JS00741.hea,0,0,5000,head_tail
seg_001888,JS00742.hea,0,0,5000,head_tail
seg_001890,JS00759.hea,0,0,5000,head_tail
seg_001891,JS00760.hea,0,0,5000,head_tail
seg_001892,JS00772.hea,0,0,5000,head_tail
seg_001893,JS00775.hea,0,0,5000,head_tail
seg_001894,JS00780.hea,0,0,5000,head_tail
seg_001895,JS00804.hea,0,0,5000,head_tail
seg_001896,JS00808.hea,0,0,5000,head_tail
seg_001897,JS00812.hea,0,0,5000,head_tail
seg_001899,JS00819.hea,0,0,5000,head_tail
seg_001900,JS00820.hea,0,0,5000,head_tail
seg_001902,JS00833.hea,0,0,5000,head_tail
seg_001903,JS00838.hea,0,0,5000,head_tail
seg_001904,JS00841.hea,0,0,5000,head_tail
seg_001906,JS00849.hea,0,0,5000,head_tail
seg_001908,JS00856.hea,0,0,5000,head_tail
seg_001911,JS00866.hea,0,0,5000,head_tail
seg_001912,JS00867.hea,0,0,5000,head_tail
seg_001913,JS00872.hea,0,0,5000,head_tail
seg_001915,JS00886.hea,0,0,5000,head_tail
seg_001917,JS00893.hea,0,0,5000,head_tail
seg_001918,JS00894.hea,0,0,5000,head_tail
seg_001920,JS00904.hea,0,0,5000,head_tail
seg_001921,JS00915.hea,0,0,5000,head_tail
seg_001922,JS00917.hea,0,0,5000,head_tail
seg_001925,JS00934.hea,0,0,5000,head_tail
seg_001927,JS00943.hea,0,0,5000,head_tail
seg_001928,JS00944.hea,0,0,5000,head_tail
seg_001929,JS00945.hea,0,0,5000,head_tail
seg_001931,JS00950.hea,0,0,5000,head_tail
seg_001934,JS00973.hea,0,0,5000,head_tail
seg_001935,JS00974.hea,0,0,5000,head_tail
seg_001936,JS00980.hea,0,0,5000,head_tail
seg_001939,JS00983.hea,0,0,5000,head_tail
seg_001940,JS00986.hea,0,0,5000,head_tail
seg_001941,JS00989.hea,0,0,5000,head_tail
seg_001943,JS00996.hea,0,0,5000,head_tail
seg_001944,JS00998.hea,0,0,5000,head_tail
seg_001946,JS01017.hea,0,0,5000,head_tail
seg_001948,JS01026.hea,0,0,5000,head_tail
seg_001949,JS01028.hea,0,0,5000,head_tail
seg_001950,JS01030.hea,0,0,5000,head_tail
seg_001955,JS01060.hea,0,0,5000,head_tail
seg_001956,JS01073.hea,0,0,5000,head_tail
seg_001957,JS01074.hea,0,0,5000,head_tail
seg_001959,JS01077.hea,0,0,5000,head_tail
seg_001960,JS01078.hea,0,0,5000,head_tail
seg_001962,JS01086.hea,0,0,5000,head_tail
seg_001963,JS01091.hea,0,0,5000,head_tail
seg_001965,JS01110.hea,0,0,5000,head_tail
seg_001966,JS01114.hea,0,0,5000,head_tail
seg_001969,JS01121.hea,0,0,5000,head_tail
seg_001971,JS01125.hea,0,0,5000,head_tail
seg_001972,JS01128.hea,0,0,5000,head_tail
seg_001974,JS01147.hea,0,0,5000,head_tail
seg_001977,JS01167.hea,0,0,5000,head_tail
seg_001978,JS01171.hea,0,0,5000,head_tail
seg_001979,JS01183.hea,0,0,5000,head_tail
seg_001980,JS01191.hea,0,0,5000,head_tail
seg_001983,JS01215.hea,0,0,5000,head_tail
seg_001984,JS01222.hea,0,0,5000,head_tail
seg_001985,JS01231.hea,0,0,5000,head_tail
seg_001989,JS01258.hea,0,0,5000,head_tail
seg_001990,JS01261.hea,0,0,5000,head_tail
seg_001991,JS01262.hea,0,0,5000,head_tail
seg_001993,JS01275.hea,0,0,5000,head_tail
seg_001994,JS01283.hea,0,0,5000,head_tail
seg_001995,JS01285.hea,0,0,5000,head_tail
seg_001996,JS01309.hea,0,0,5000,head_tail
seg_001997,JS01311.hea,0,0,5000,head_tail
seg_002000,JS01324.hea,0,0,5000,head_tail
seg_002001,JS01337.hea,0,0,5000,head_tail
seg_002003,JS01348.hea,0,0,5000,head_tail
seg_002004,JS01349.hea,0,0,5000,head_tail
seg_002005,JS01356.hea,0,0,5000,head_tail
seg_002007,JS01369.hea,0,0,5000,head_tail
seg_002008,JS01376.hea,0,0,5000,head_tail
seg_002009,JS01378.hea,0,0,5000,head_tail
seg_002011,JS01390.hea,0,0,5000,head_tail
seg_002012,JS01398.hea,0,0,5000,head_tail
seg_002014,JS01429.hea,0,0,5000,head_tail
seg_002016,JS01436.hea,0,0,5000,head_tail
seg_002017,JS01441.hea,0,0,5000,head_tail
seg_002018,JS01448.hea,0,0,5000,head_tail
seg_002021,JS01453.hea,0,0,5000,head_tail
seg_002022,JS01454.hea,0,0,5000,head_tail
seg_002024,JS01467.hea,0,0,5000,head_tail
seg_002025,JS01472.hea,0,0,5000,head_tail
seg_002028,JS01482.hea,0,0,5000,head_tail
seg_002030,JS01492.hea,0,0,5000,head_tail
seg_002032,JS01495.hea,0,0,5000,head_tail
seg_002034,JS01515.hea,0,0,5000,head_tail
seg_002036,JS01523.hea,0,0,5000,head_tail
seg_002037,JS01530.hea,0,0,5000,head_tail
seg_002038,JS01532.hea,0,0,5000,head_tail
seg_002040,JS01549.hea,0,0,5000,head_tail
seg_002041,JS01550.hea,0,0,5000,head_tail
seg_002043,JS01557.hea,0,0,5000,head_tail
seg_002044,JS01563.hea,0,0,5000,head_tail
seg_002045,JS01565.hea,0,0,5000,head_tail
seg_002047,JS01568.hea,0,0,5000,head_tail
seg_002049,JS01584.hea,0,0,5000,head_tail
seg_002050,JS01600.hea,0,0,5000,head_tail
seg_002052,JS01609.hea,0,0,5000,head_tail
seg_002053,JS01624.hea,0,0,5000,head_tail
seg_002055,JS01644.hea,0,0,5000,head_tail
seg_002057,JS01650.hea,0,0,5000,head_tail
seg_002058,JS01659.hea,0,0,5000,head_tail
seg_002061,JS01685.hea,0,0,5000,head_tail
seg_002062,JS01699.hea,0,0,5000,head_tail
seg_002065,JS01719.hea,0,0,5000,head_tail
seg_002066,JS01727.hea,0,0,5000,head_tail
seg_002069,JS01733.hea,0,0,5000,head_tail
seg_002070,JS01734.hea,0,0,5000,head_tail
seg_002073,JS01754.hea,0,0,5000,head_tail
seg_002074,JS01759.hea,0,0,5000,head_tail
seg_002076,JS01770.hea,0,0,5000,head_tail
seg_002078,JS01772.hea,0,0,5000,head_tail
seg_002079,JS01773.hea,0,0,5000,head_tail
seg_002081,JS01783.hea,0,0,5000,head_tail
seg_002082,JS01786.hea,0,0,5000,head_tail
seg_002084,JS01803.hea,0,0,5000,head_tail
seg_002085,JS01805.hea,0,0,5000,head_tail
seg_002088,JS01814.hea,0,0,5000,head_tail
seg_002089,JS01821.hea,0,0,5000,head_tail
seg_002090,JS01834.hea,0,0,5000,head_tail
seg_002091,JS01835.hea,0,0,5000,head_tail
seg_002092,JS01838.hea,0,0,5000,head_tail
seg_002093,JS01845.hea,0,0,5000,head_tail
seg_002097,JS01881.hea,0,0,5000,head_tail
seg_002098,JS01885.hea,0,0,5000,head_tail
seg_002101,JS01905.hea,0,0,5000,head_tail
seg_002103,JS01910.hea,0,0,5000,head_tail
seg_002107,JS01950.hea,0,0,5000,head_tail
seg_002109,JS01976.hea,0,0,5000,head_tail
seg_002110,JS01988.hea,0,0,5000,head_tail
seg_002111,JS01989.hea,0,0,5000,head_tail
seg_002113,JS02012.hea,0,0,5000,head_tail
seg_002114,JS02014.hea,0,0,5000,head_tail
seg_002115,JS02015.hea,0,0,5000,head_tail
seg_002116,JS02024.hea,0,0,5000,head_tail
seg_002117,JS02030.hea,0,0,5000,head_tail
seg_002119,JS02054.hea,0,0,5000,head_tail
seg_002121,JS02066.hea,0,0,5000,head_tail
seg_002123,JS02069.hea,0,0,5000,head_tail
seg_002125,JS02071.hea,0,0,5000,head_tail
seg_002126,JS02085.hea,0,0,5000,head_tail
seg_002128,JS02099.hea,0,0,5000,head_tail
seg_002129,JS02100.hea,0,0,5000,head_tail
seg_002130,JS02101.hea,0,0,5000,head_tail
seg_002132,JS02108.hea,0,0,5000,head_tail
seg_002135,JS02126.hea,0,0,5000,head_tail
seg_002138,JS02135.hea,0,0,5000,head_tail
seg_002140,JS02146.hea,0,0,5000,head_tail
seg_002142,JS02152.hea,0,0,5000,head_tail
seg_002143,JS02154.hea,0,0,5000,head_tail
seg_002144,JS02165.hea,0,0,5000,head_tail
seg_002145,JS02168.hea,0,0,5000,head_tail
seg_002148,JS02186.hea,0,0,5000,head_tail
seg_002149,JS02190.hea,0,0,5000,head_tail
seg_002152,JS02199.hea,0,0,5000,head_tail
seg_002153,JS02201.hea,0,0,5000,head_tail
seg_002156,JS02225.hea,0,0,5000,head_tail
seg_002157,JS02231.hea,0,0,5000,head_tail
seg_002158,JS02232.hea,0,0,5000,head_tail
seg_002160,JS02254.hea,0,0,5000,head_tail
seg_002161,JS02260.hea,0,0,5000,head_tail
seg_002162,JS02266.hea,0,0,5000,head_tail
seg_002163,JS02274.hea,0,0,5000,head_tail
seg_002164,JS02276.hea,0,0,5000,head_tail
seg_002166,JS02281.hea,0,0,5000,head_tail
seg_002167,JS02282.hea,0,0,5000,head_tail
seg_002169,JS02287.hea,0,0,5000,head_tail
seg_002171,JS02293.hea,0,0,5000,head_tail
seg_002172,JS02295.hea,0,0,5000,head_tail
seg_002174,JS02303.hea,0,0,5000,head_tail
seg_002175,JS02305.hea,0,0,5000,head_tail
seg_002178,JS02316.hea,0,0,5000,head_tail
seg_002180,JS02323.hea,0,0,5000,head_tail
seg_002181,JS02327.hea,0,0,5000,head_tail
seg_002182,JS02331.hea,0,0,5000,head_tail
seg_002183,JS02336.hea,0,0,5000,head_tail
seg_002186,JS02360.hea,0,0,5000,head_tail
seg_002187,JS02366.hea,0,0,5000,head_tail
seg_002190,JS02371.hea,0,0,5000,head_tail
seg_002191,JS02372.hea,0,0,5000,head_tail
seg_002194,JS02383.hea,0,0,5000,head_tail
seg_002195,JS02397.hea,0,0,5000,head_tail
seg_002196,JS02407.hea,0,0,5000,head_tail
seg_002198,JS02413.hea,0,0,5000,head_tail
seg_002199,JS02417.hea,0,0,5000,head_tail
seg_002200,JS02427.hea,0,0,5000,head_tail
seg_002201,JS02429.hea,0,0,5000,head_tail
seg_002202,JS02432.hea,0,0,5000,head_tail
seg_002204,JS02443.hea,0,0,5000,head_tail
seg_002205,JS02455.hea,0,0,5000,head_tail
seg_002207,JS02457.hea,0,0,5000,head_tail
seg_002208,JS02458.hea,0,0,5000,head_tail
seg_002211,JS02470.hea,0,0,5000,head_tail
seg_002212,JS02472.hea,0,0,5000,head_tail
seg_002214,JS02477.hea,0,0,5000,head_tail
seg_002216,JS02482.hea,0,0,5000,head_tail
seg_002217,JS02485.hea,0,0,5000,head_tail
seg_002219,JS02496.hea,0,0,5000,head_tail
seg_002220,JS02500.hea,0,0,5000,head_tail
seg_002225,JS02525.hea,0,0,5000,head_tail
seg_002226,JS02529.hea,0,0,5000,head_tail
seg_002228,JS02538.hea,0,0,5000,head_tail
seg_002229,JS02547.hea,0,0,5000,head_tail
seg_002231,JS02557.hea,0,0,5000,head_tail
seg_002234,JS02571.hea,0,0,5000,head_tail
seg_002235,JS02578.hea,0,0,5000,head_tail
seg_002236,JS02588.hea,0,0,5000,head_tail
seg_002237,JS02590.hea,0,0,5000,head_tail
seg_002238,JS02593.hea,0,0,5000,head_tail
seg_002239,JS02598.hea,0,0,5000,head_tail
seg_002241,JS02600.hea,0,0,5000,head_tail
seg_002243,JS02613.hea,0,0,5000,head_tail
seg_002244,JS02617.hea,0,0,5000,head_tail
seg_002245,JS02618.hea,0,0,5000,head_tail
seg_002248,JS02626.hea,0,0,5000,head_tail
seg_002249,JS02628.hea,0,0,5000,head_tail
seg_002251,JS02631.hea,0,0,5000,head_tail
seg_002253,JS02635.hea,0,0,5000,head_tail
seg_002257,JS02654.hea,0,0,5000,head_tail
seg_002258,JS02655.hea,0,0,5000,head_tail
seg_002259,JS02656.hea,0,0,5000,head_tail
seg_002260,JS02661.hea,0,0,5000,head_tail
seg_002262,JS02673.hea,0,0,5000,head_tail
seg_002263,JS02679.hea,0,0,5000,head_tail
seg_002264,JS02703.hea,0,0,5000,head_tail
seg_002265,JS02709.hea,0,0,5000,head_tail
seg_002266,JS02716.hea,0,0,5000,head_tail
seg_002269,JS02722.hea,0,0,5000,head_tail
seg_002270,JS02725.hea,0,0,5000,head_tail
seg_002274,JS02739.hea,0,0,5000,head_tail
seg_002275,JS02743.hea,0,0,5000,head_tail
seg_002277,JS02748.hea,0,0,5000,head_tail
seg_002278,JS02761.hea,0,0,5000,head_tail
seg_002280,JS02797.hea,0,0,5000,head_tail
seg_002281,JS02806.hea,0,0,5000,head_tail
seg_002285,JS02826.hea,0,0,5000,head_tail
seg_002286,JS02829.hea,0,0,5000,head_tail
seg_002287,JS02830.hea,0,0,5000,head_tail
seg_002289,JS02839.hea,0,0,5000,head_tail
seg_002291,JS02852.hea,0,0,5000,head_tail
seg_002292,JS02855.hea,0,0,5000,head_tail
seg_002293,JS02861.hea,0,0,5000,head_tail
seg_002294,JS02862.hea,0,0,5000,head_tail
seg_002296,JS02867.hea,0,0,5000,head_tail
seg_002297,JS02872.hea,0,0,5000,head_tail
seg_002300,JS02882.hea,0,0,5000,head_tail
seg_002302,JS02884.hea,0,0,5000,head_tail
seg_002303,JS02887.hea,0,0,5000,head_tail
seg_002304,JS02889.hea,0,0,5000,head_tail
seg_002305,JS02895.hea,0,0,5000,head_tail
seg_002307,JS02901.hea,0,0,5000,head_tail
seg_002308,JS02902.hea,0,0,5000,head_tail
seg_002309,JS02906.hea,0,0,5000,head_tail
seg_002310,JS02911.hea,0,0,5000,head_tail
seg_002312,JS02913.hea,0,0,5000,head_tail
seg_002314,JS02935.hea,0,0,5000,head_tail
seg_002315,JS02936.hea,0,0,5000,head_tail
seg_002317,JS02944.hea,0,0,5000,head_tail
seg_002318,JS02948.hea,0,0,5000,head_tail
seg_002319,JS02950.hea,0,0,5000,head_tail
seg_002322,JS02968.hea,0,0,5000,head_tail
seg_002323,JS02969.hea,0,0,5000,head_tail
seg_002325,JS02972.hea,0,0,5000,head_tail
seg_002326,JS02974.hea,0,0,5000,head_tail
seg_002327,JS02975.hea,0,0,5000,head_tail
seg_002329,JS02993.hea,0,0,5000,head_tail
seg_002330,JS03002.hea,0,0,5000,head_tail
seg_002331,JS03006.hea,0,0,5000,head_tail
seg_002332,JS03007.hea,0,0,5000,head_tail
seg_002334,JS03022.hea,0,0,5000,head_tail
seg_002336,JS03034.hea,0,0,5000,head_tail
seg_002337,JS03036.hea,0,0,5000,head_tail
seg_002343,JS03103.hea,0,0,5000,head_tail
seg_002344,JS03109.hea,0,0,5000,head_tail
seg_002346,JS03129.hea,0,0,5000,head_tail
seg_002348,JS03148.hea,0,0,5000,head_tail
seg_002350,JS03161.hea,0,0,5000,head_tail
seg_002352,JS03163.hea,0,0,5000,head_tail
seg_002353,JS03169.hea,0,0,5000,head_tail
seg_002354,JS03174.hea,0,0,5000,head_tail
seg_002357,JS03180.hea,0,0,5000,head_tail
seg_002358,JS03185.hea,0,0,5000,head_tail
seg_002361,JS03204.hea,0,0,5000,head_tail
seg_002364,JS03216.hea,0,0,5000,head_tail
seg_002366,JS03227.hea,0,0,5000,head_tail
seg_002367,JS03232.hea,0,0,5000,head_tail
seg_002369,JS03239.hea,0,0,5000,head_tail
seg_002371,JS03257.hea,0,0,5000,head_tail
seg_002372,JS03264.hea,0,0,5000,head_tail
seg_002373,JS03276.hea,0,0,5000,head_tail
seg_002374,JS03277.hea,0,0,5000,head_tail
seg_002376,JS03291.hea,0,0,5000,head_tail
seg_002379,JS03299.hea,0,0,5000,head_tail
seg_002380,JS03301.hea,0,0,5000,head_tail
seg_002381,JS03311.hea,0,0,5000,head_tail
seg_002383,JS03322.hea,0,0,5000,head_tail
seg_002385,JS03336.hea,0,0,5000,head_tail
seg_002386,JS03337.hea,0,0,5000,head_tail
seg_002388,JS03345.hea,0,0,5000,head_tail
seg_002389,JS03348.hea,0,0,5000,head_tail
seg_002390,JS03351.hea,0,0,5000,head_tail
seg_002392,JS03371.hea,0,0,5000,head_tail
seg_002393,JS03377.hea,0,0,5000,head_tail
seg_002395,JS03390.hea,0,0,5000,head_tail
seg_002398,JS03404.hea,0,0,5000,head_tail
seg_002399,JS03410.hea,0,0,5000,head_tail
seg_002401,JS03419.hea,0,0,5000,head_tail
seg_002402,JS03420.hea,0,0,5000,head_tail
seg_002403,JS03428.hea,0,0,5000,head_tail
seg_002405,JS03444.hea,0,0,5000,head_tail
seg_002406,JS03448.hea,0,0,5000,head_tail
seg_002408,JS03459.hea,0,0,5000,head_tail
seg_002409,JS03485.hea,0,0,5000,head_tail
seg_002411,JS03492.hea,0,0,5000,head_tail
seg_002414,JS03506.hea,0,0,5000,head_tail
seg_002416,JS03514.hea,0,0,5000,head_tail
seg_002417,JS03519.hea,0,0,5000,head_tail
seg_002418,JS03522.hea,0,0,5000,head_tail
seg_002419,JS03526.hea,0,0,5000,head_tail
seg_002422,JS03535.hea,0,0,5000,head_tail
seg_002423,JS03537.hea,0,0,5000,head_tail
seg_002424,JS03540.hea,0,0,5000,head_tail
seg_002425,JS03550.hea,0,0,5000,head_tail
seg_002426,JS03551.hea,0,0,5000,head_tail
seg_002427,JS03554.hea,0,0,5000,head_tail
seg_002429,JS03559.hea,0,0,5000,head_tail
seg_002431,JS03569.hea,0,0,5000,head_tail
seg_002433,JS03572.hea,0,0,5000,head_tail
seg_002434,JS03573.hea,0,0,5000,head_tail
seg_002436,JS03593.hea,0,0,5000,head_tail
seg_002437,JS03616.hea,0,0,5000,head_tail
seg_002439,JS03626.hea,0,0,5000,head_tail
seg_002440,JS03629.hea,0,0,5000,head_tail
seg_002441,JS03638.hea,0,0,5000,head_tail
seg_002443,JS03645.hea,0,0,5000,head_tail
seg_002446,JS03658.hea,0,0,5000,head_tail
seg_002447,JS03665.hea,0,0,5000,head_tail
seg_002451,JS03685.hea,0,0,5000,head_tail
seg_002454,JS03741.hea,0,0,5000,head_tail
seg_002457,JS03754.hea,0,0,5000,head_tail
seg_002458,JS03758.hea,0,0,5000,head_tail
seg_002459,JS03760.hea,0,0,5000,head_tail
seg_002461,JS03768.hea,0,0,5000,head_tail
seg_002462,JS03770.hea,0,0,5000,head_tail
seg_002463,JS03779.hea,0,0,5000,head_tail
seg_002464,JS03780.hea,0,0,5000,head_tail
seg_002467,JS03793.hea,0,0,5000,head_tail
seg_002468,JS03795.hea,0,0,5000,head_tail
seg_002469,JS03797.hea,0,0,5000,head_tail
seg_002470,JS03800.hea,0,0,5000,head_tail
seg_002472,JS03803.hea,0,0,5000,head_tail
seg_002473,JS03805.hea,0,0,5000,head_tail
seg_002476,JS03820.hea,0,0,5000,head_tail
seg_002478,JS03825.hea,0,0,5000,head_tail
seg_002479,JS03834.hea,0,0,5000,head_tail
seg_002481,JS03844.hea,0,0,5000,head_tail
seg_002482,JS03857.hea,0,0,5000,head_tail
seg_002484,JS03866.hea,0,0,5000,head_tail
seg_002485,JS03880.hea,0,0,5000,head_tail
seg_002487,JS03897.hea,0,0,5000,head_tail
seg_002488,JS03898.hea,0,0,5000,head_tail
seg_002491,JS03905.hea,0,0,5000,head_tail
seg_002492,JS03906.hea,0,0,5000,head_tail
seg_002493,JS03910.hea,0,0,5000,head_tail
seg_002494,JS03912.hea,0,0,5000,head_tail
seg_002495,JS03918.hea,0,0,5000,head_tail
seg_002497,JS03934.hea,0,0,5000,head_tail
seg_002498,JS03941.hea,0,0,5000,head_tail
seg_002500,JS03946.hea,0,0,5000,head_tail
seg_002501,JS03949.hea,0,0,5000,head_tail
seg_002504,JS03958.hea,0,0,5000,head_tail
seg_002505,JS03959.hea,0,0,5000,head_tail
seg_002506,JS03967.hea,0,0,5000,head_tail
seg_002507,JS03978.hea,0,0,5000,head_tail
seg_002508,JS03982.hea,0,0,5000,head_tail
seg_002509,JS03983.hea,0,0,5000,head_tail
seg_002511,JS03995.hea,0,0,5000,head_tail
seg_002514,JS04006.hea,0,0,5000,head_tail
seg_002515,JS04014.hea,0,0,5000,head_tail
seg_002517,JS04022.hea,0,0,5000,head_tail
seg_002518,JS04025.hea,0,0,5000,head_tail
seg_002519,JS04030.hea,0,0,5000,head_tail
seg_002520,JS04041.hea,0,0,5000,head_tail
seg_002521,JS04043.hea,0,0,5000,head_tail
seg_002523,JS04050.hea,0,0,5000,head_tail
seg_002524,JS04051.hea,0,0,5000,head_tail
seg_002525,JS04057.hea,0,0,5000,head_tail
seg_002526,JS04070.hea,0,0,5000,head_tail
seg_002528,JS04075.hea,0,0,5000,head_tail
seg_002531,JS04088.hea,0,0,5000,head_tail
seg_002534,JS04097.hea,0,0,5000,head_tail
seg_002537,JS04113.hea,0,0,5000,head_tail
seg_002538,JS04114.hea,0,0,5000,head_tail
seg_002539,JS04129.hea,0,0,5000,head_tail
seg_002541,JS04132.hea,0,0,5000,head_tail
seg_002542,JS04144.hea,0,0,5000,head_tail
seg_002543,JS04153.hea,0,0,5000,head_tail
seg_002544,JS04157.hea,0,0,5000,head_tail
seg_002547,JS04165.hea,0,0,5000,head_tail
seg_002548,JS04169.hea,0,0,5000,head_tail
seg_002550,JS04184.hea,0,0,5000,head_tail
seg_002551,JS04199.hea,0,0,5000,head_tail
seg_002552,JS04200.hea,0,0,5000,head_tail
seg_002553,JS04204.hea,0,0,5000,head_tail
seg_002554,JS04208.hea,0,0,5000,head_tail
seg_002555,JS04216.hea,0,0,5000,head_tail
seg_002557,JS04224.hea,0,0,5000,head_tail
seg_002559,JS04236.hea,0,0,5000,head_tail
seg_002561,JS04248.hea,0,0,5000,head_tail
seg_002562,JS04254.hea,0,0,5000,head_tail
seg_002564,JS04264.hea,0,0,5000,head_tail
seg_002566,JS04276.hea,0,0,5000,head_tail
seg_002568,JS04294.hea,0,0,5000,head_tail
seg_002569,JS04300.hea,0,0,5000,head_tail
seg_002570,JS04310.hea,0,0,5000,head_tail
seg_002571,JS04315.hea,0,0,5000,head_tail
seg_002573,JS04326.hea,0,0,5000,head_tail
seg_002574,JS04340.hea,0,0,5000,head_tail
seg_002575,JS04341.hea,0,0,5000,head_tail
seg_002576,JS04351.hea,0,0,5000,head_tail
seg_002577,JS04359.hea,0,0,5000,head_tail
seg_002578,JS04366.hea,0,0,5000,head_tail
seg_002579,JS04370.hea,0,0,5000,head_tail
seg_002580,JS04377.hea,0,0,5000,head_tail
seg_002581,JS04381.hea,0,0,5000,head_tail
seg_002582,JS04382.hea,0,0,5000,head_tail
seg_002585,JS04397.hea,0,0,5000,head_tail
seg_002586,JS04400.hea,0,0,5000,head_tail
seg_002590,JS04431.hea,0,0,5000,head_tail
seg_002591,JS04432.hea,0,0,5000,head_tail
seg_002592,JS04433.hea,0,0,5000,head_tail
seg_002597,JS04457.hea,0,0,5000,head_tail
seg_002599,JS04467.hea,0,0,5000,head_tail
seg_002600,JS04468.hea,0,0,5000,head_tail
seg_002601,JS04474.hea,0,0,5000,head_tail
seg_002602,JS04486.hea,0,0,5000,head_tail
seg_002603,JS04489.hea,0,0,5000,head_tail
seg_002604,JS04491.hea,0,0,5000,head_tail
seg_002607,JS04507.hea,0,0,5000,head_tail
seg_002610,JS04523.hea,0,0,5000,head_tail
seg_002611,JS04524.hea,0,0,5000,head_tail
seg_002612,JS04528.hea,0,0,5000,head_tail
seg_002613,JS04535.hea,0,0,5000,head_tail
seg_002614,JS04542.hea,0,0,5000,head_tail
seg_002615,JS04548.hea,0,0,5000,head_tail
seg_002616,JS04553.hea,0,0,5000,head_tail
seg_002617,JS04569.hea,0,0,5000,head_tail
seg_002618,JS04571.hea,0,0,5000,head_tail
seg_002619,JS04572.hea,0,0,5000,head_tail
seg_002621,JS04589.hea,0,0,5000,head_tail
seg_002623,JS04613.hea,0,0,5000,head_tail
seg_002625,JS04624.hea,0,0,5000,head_tail
seg_002626,JS04627.hea,0,0,5000,head_tail
seg_002629,JS04641.hea,0,0,5000,head_tail
seg_002630,JS04649.hea,0,0,5000,head_tail
seg_002633,JS04655.hea,0,0,5000,head_tail
seg_002634,JS04665.hea,0,0,5000,head_tail
seg_002635,JS04670.hea,0,0,5000,head_tail
seg_002637,JS04674.hea,0,0,5000,head_tail
seg_002638,JS04676.hea,0,0,5000,head_tail
seg_002639,JS04679.hea,0,0,5000,head_tail
seg_002640,JS04682.hea,0,0,5000,head_tail
seg_002641,JS04689.hea,0,0,5000,head_tail
seg_002643,JS04694.hea,0,0,5000,head_tail
seg_002644,JS04699.hea,0,0,5000,head_tail
seg_002645,JS04700.hea,0,0,5000,head_tail
seg_002647,JS04715.hea,0,0,5000,head_tail
seg_002648,JS04718.hea,0,0,5000,head_tail
seg_002650,JS04733.hea,0,0,5000,head_tail
seg_002652,JS04744.hea,0,0,5000,head_tail
seg_002656,JS04784.hea,0,0,5000,head_tail
seg_002659,JS04787.hea,0,0,5000,head_tail
seg_002660,JS04791.hea,0,0,5000,head_tail
seg_002662,JS04803.hea,0,0,5000,head_tail
seg_002663,JS04804.hea,0,0,5000,head_tail
seg_002666,JS04825.hea,0,0,5000,head_tail
seg_002668,JS04827.hea,0,0,5000,head_tail
seg_002669,JS04838.hea,0,0,5000,head_tail
seg_002670,JS04839.hea,0,0,5000,head_tail
seg_002671,JS04850.hea,0,0,5000,head_tail
seg_002672,JS04855.hea,0,0,5000,head_tail
seg_002675,JS04882.hea,0,0,5000,head_tail
seg_002676,JS04890.hea,0,0,5000,head_tail
seg_002678,JS04904.hea,0,0,5000,head_tail
seg_002681,JS04919.hea,0,0,5000,head_tail
seg_002683,JS04929.hea,0,0,5000,head_tail
seg_002685,JS04932.hea,0,0,5000,head_tail
seg_002687,JS04961.hea,0,0,5000,head_tail
seg_002688,JS04963.hea,0,0,5000,head_tail
seg_002689,JS04974.hea,0,0,5000,head_tail
seg_002690,JS04978.hea,0,0,5000,head_tail
seg_002691,JS04981.hea,0,0,5000,head_tail
seg_002692,JS04982.hea,0,0,5000,head_tail
seg_002693,JS04986.hea,0,0,5000,head_tail
seg_002694,JS04992.hea,0,0,5000,head_tail
seg_002696,JS04999.hea,0,0,5000,head_tail
seg_002697,JS05001.hea,0,0,5000,head_tail
seg_002699,JS05015.hea,0,0,5000,head_tail
seg_002700,JS05017.hea,0,0,5000,head_tail
seg_002701,JS05022.hea,0,0,5000,head_tail
seg_002702,JS05024.hea,0,0,5000,head_tail
seg_002703,JS05038.hea,0,0,5000,head_tail
seg_002704,JS05044.hea,0,0,5000,head_tail
seg_002705,JS05046.hea,0,0,5000,head_tail
seg_002707,JS05051.hea,0,0,5000,head_tail
seg_002708,JS05052.hea,0,0,5000,head_tail
seg_002709,JS05058.hea,0,0,5000,head_tail
seg_002710,JS05065.hea,0,0,5000,head_tail
seg_002711,JS05069.hea,0,0,5000,head_tail
seg_002712,JS05071.hea,0,0,5000,head_tail
seg_002713,JS05075.hea,0,0,5000,head_tail
seg_002716,JS05083.hea,0,0,5000,head_tail
seg_002717,JS05085.hea,0,0,5000,head_tail
seg_002719,JS05089.hea,0,0,5000,head_tail
seg_002721,JS05095.hea,0,0,5000,head_tail
seg_002722,JS05098.hea,0,0,5000,head_tail
seg_002725,JS05128.hea,0,0,5000,head_tail
seg_002727,JS05133.hea,0,0,5000,head_tail
seg_002728,JS05135.hea,0,0,5000,head_tail
seg_002729,JS05140.hea,0,0,5000,head_tail
seg_002731,JS05151.hea,0,0,5000,head_tail
seg_002732,JS05154.hea,0,0,5000,head_tail
seg_002734,JS05169.hea,0,0,5000,head_tail
seg_002735,JS05173.hea,0,0,5000,head_tail
seg_002738,JS05182.hea,0,0,5000,head_tail
seg_002740,JS05189.hea,0,0,5000,head_tail
seg_002742,JS05200.hea,0,0,5000,head_tail
seg_002743,JS05218.hea,0,0,5000,head_tail
seg_002744,JS05224.hea,0,0,5000,head_tail
seg_002746,JS05233.hea,0,0,5000,head_tail
seg_002747,JS05236.hea,0,0,5000,head_tail
seg_002748,JS05239.hea,0,0,5000,head_tail
seg_002750,JS05243.hea,0,0,5000,head_tail
seg_002751,JS05247.hea,0,0,5000,head_tail
seg_002752,JS05250.hea,0,0,5000,head_tail
seg_002753,JS05258.hea,0,0,5000,head_tail
seg_002754,JS05262.hea,0,0,5000,head_tail
seg_002755,JS05265.hea,0,0,5000,head_tail
seg_002759,JS05283.hea,0,0,5000,head_tail
seg_002760,JS05285.hea,0,0,5000,head_tail
seg_002761,JS05298.hea,0,0,5000,head_tail
seg_002763,JS05301.hea,0,0,5000,head_tail
seg_002764,JS05305.hea,0,0,5000,head_tail
seg_002766,JS05318.hea,0,0,5000,head_tail
seg_002767,JS05319.hea,0,0,5000,head_tail
seg_002769,JS05328.hea,0,0,5000,head_tail
seg_002770,JS05337.hea,0,0,5000,head_tail
seg_002772,JS05353.hea,0,0,5000,head_tail
seg_002773,JS05359.hea,0,0,5000,head_tail
seg_002775,JS05367.hea,0,0,5000,head_tail
seg_002777,JS05374.hea,0,0,5000,head_tail
seg_002778,JS05376.hea,0,0,5000,head_tail
seg_002781,JS05401.hea,0,0,5000,head_tail
seg_002782,JS05402.hea,0,0,5000,head_tail
seg_002784,JS05421.hea,0,0,5000,head_tail
seg_002787,JS05442.hea,0,0,5000,head_tail
seg_002788,JS05443.hea,0,0,5000,head_tail
seg_002789,JS05445.hea,0,0,5000,head_tail
seg_002790,JS05464.hea,0,0,5000,head_tail
seg_002793,JS05469.hea,0,0,5000,head_tail
seg_002796,JS05487.hea,0,0,5000,head_tail
seg_002797,JS05489.hea,0,0,5000,head_tail
seg_002798,JS05500.hea,0,0,5000,head_tail
seg_002799,JS05504.hea,0,0,5000,head_tail
seg_002800,JS05514.hea,0,0,5000,head_tail
seg_002801,JS05516.hea,0,0,5000,head_tail
seg_002803,JS05528.hea,0,0,5000,head_tail
seg_002804,JS05533.hea,0,0,5000,head_tail
seg_002806,JS05562.hea,0,0,5000,head_tail
seg_002807,JS05567.hea,0,0,5000,head_tail
seg_002810,JS05574.hea,0,0,5000,head_tail
seg_002812,JS05576.hea,0,0,5000,head_tail
seg_002813,JS05579.hea,0,0,5000,head_tail
seg_002815,JS05584.hea,0,0,5000,head_tail
seg_002816,JS05587.hea,0,0,5000,head_tail
seg_002817,JS05591.hea,0,0,5000,head_tail
seg_002818,JS05596.hea,0,0,5000,head_tail
seg_002819,JS05600.hea,0,0,5000,head_tail
seg_002821,JS05605.hea,0,0,5000,head_tail
seg_002822,JS05610.hea,0,0,5000,head_tail
seg_002823,JS05617.hea,0,0,5000,head_tail
seg_002824,JS05620.hea,0,0,5000,head_tail
seg_002825,JS05636.hea,0,0,5000,head_tail
seg_002826,JS05645.hea,0,0,5000,head_tail
seg_002827,JS05651.hea,0,0,5000,head_tail
seg_002828,JS05657.hea,0,0,5000,head_tail
seg_002829,JS05664.hea,0,0,5000,head_tail
seg_002830,JS05669.hea,0,0,5000,head_tail
seg_002833,JS05679.hea,0,0,5000,head_tail
seg_002834,JS05680.hea,0,0,5000,head_tail
seg_002837,JS05687.hea,0,0,5000,head_tail
seg_002838,JS05709.hea,0,0,5000,head_tail
seg_002839,JS05715.hea,0,0,5000,head_tail
seg_002841,JS05721.hea,0,0,5000,head_tail
seg_002842,JS05723.hea,0,0,5000,head_tail
seg_002844,JS05735.hea,0,0,5000,head_tail
seg_002845,JS05738.hea,0,0,5000,head_tail
seg_002846,JS05740.hea,0,0,5000,head_tail
seg_002847,JS05743.hea,0,0,5000,head_tail
seg_002850,JS05758.hea,0,0,5000,head_tail
seg_002851,JS05764.hea,0,0,5000,head_tail
seg_002854,JS05773.hea,0,0,5000,head_tail
seg_002856,JS05784.hea,0,0,5000,head_tail
seg_002858,JS05802.hea,0,0,5000,head_tail
seg_002860,JS05837.hea,0,0,5000,head_tail
seg_002862,JS05851.hea,0,0,5000,head_tail
seg_002863,JS05852.hea,0,0,5000,head_tail
seg_002864,JS05853.hea,0,0,5000,head_tail
seg_002867,JS05859.hea,0,0,5000,head_tail
seg_002868,JS05867.hea,0,0,5000,head_tail
seg_002869,JS05877.hea,0,0,5000,head_tail
seg_002870,JS05879.hea,0,0,5000,head_tail
seg_002871,JS05881.hea,0,0,5000,head_tail
seg_002872,JS05882.hea,0,0,5000,head_tail
seg_002873,JS05895.hea,0,0,5000,head_tail
seg_002874,JS05913.hea,0,0,5000,head_tail
seg_002877,JS05919.hea,0,0,5000,head_tail
seg_002878,JS05922.hea,0,0,5000,head_tail
seg_002879,JS05934.hea,0,0,5000,head_tail
seg_002880,JS05940.hea,0,0,5000,head_tail
seg_002882,JS05952.hea,0,0,5000,head_tail
seg_002883,JS05961.hea,0,0,5000,head_tail
seg_002886,JS05986.hea,0,0,5000,head_tail
seg_002888,JS06002.hea,0,0,5000,head_tail
seg_002889,JS06004.hea,0,0,5000,head_tail
seg_002890,JS06012.hea,0,0,5000,head_tail
seg_002891,JS06020.hea,0,0,5000,head_tail
seg_002892,JS06025.hea,0,0,5000,head_tail
seg_002893,JS06033.hea,0,0,5000,head_tail
seg_002895,JS06036.hea,0,0,5000,head_tail
seg_002896,JS06037.hea,0,0,5000,head_tail
seg_002898,JS06042.hea,0,0,5000,head_tail
seg_002899,JS06055.hea,0,0,5000,head_tail
seg_002900,JS06080.hea,0,0,5000,head_tail
seg_002901,JS06089.hea,0,0,5000,head_tail
seg_002902,JS06091.hea,0,0,5000,head_tail
seg_002904,JS06101.hea,0,0,5000,head_tail
seg_002906,JS06103.hea,0,0,5000,head_tail
seg_002907,JS06106.hea,0,0,5000,head_tail
seg_002908,JS06110.hea,0,0,5000,head_tail
seg_002910,JS06114.hea,0,0,5000,head_tail
seg_002911,JS06118.hea,0,0,5000,head_tail
seg_002913,JS06123.hea,0,0,5000,head_tail
seg_002914,JS06126.hea,0,0,5000,head_tail
seg_002917,JS06135.hea,0,0,5000,head_tail
seg_002918,JS06144.hea,0,0,5000,head_tail
seg_002921,JS06165.hea,0,0,5000,head_tail
seg_002922,JS06166.hea,0,0,5000,head_tail
seg_002923,JS06172.hea,0,0,5000,head_tail
seg_002925,JS06220.hea,0,0,5000,head_tail
seg_002926,JS06222.hea,0,0,5000,head_tail
seg_002927,JS06236.hea,0,0,5000,head_tail
seg_002928,JS06237.hea,0,0,5000,head_tail
seg_002929,JS06241.hea,0,0,5000,head_tail
seg_002932,JS06280.hea,0,0,5000,head_tail
seg_002934,JS06283.hea,0,0,5000,head_tail
seg_002935,JS06294.hea,0,0,5000,head_tail
seg_002939,JS06320.hea,0,0,5000,head_tail
seg_002940,JS06323.hea,0,0,5000,head_tail
seg_002941,JS06326.hea,0,0,5000,head_tail
seg_002942,JS06328.hea,0,0,5000,head_tail
seg_002943,JS06349.hea,0,0,5000,head_tail
seg_002944,JS06354.hea,0,0,5000,head_tail
seg_002946,JS06375.hea,0,0,5000,head_tail
seg_002947,JS06383.hea,0,0,5000,head_tail
seg_002949,JS06392.hea,0,0,5000,head_tail
seg_002950,JS06410.hea,0,0,5000,head_tail
seg_002952,JS06417.hea,0,0,5000,head_tail
seg_002954,JS06428.hea,0,0,5000,head_tail
seg_002955,JS06429.hea,0,0,5000,head_tail
seg_002956,JS06441.hea,0,0,5000,head_tail
seg_002957,JS06470.hea,0,0,5000,head_tail
seg_002959,JS06473.hea,0,0,5000,head_tail
seg_002960,JS06480.hea,0,0,5000,head_tail
seg_002963,JS06486.hea,0,0,5000,head_tail
seg_002964,JS06495.hea,0,0,5000,head_tail
seg_002965,JS06508.hea,0,0,5000,head_tail
seg_002966,JS06509.hea,0,0,5000,head_tail
seg_002968,JS06520.hea,0,0,5000,head_tail
seg_002969,JS06521.hea,0,0,5000,head_tail
seg_002971,JS06531.hea,0,0,5000,head_tail
seg_002974,JS06540.hea,0,0,5000,head_tail
seg_002975,JS06541.hea,0,0,5000,head_tail
seg_002976,JS06543.hea,0,0,5000,head_tail
seg_002977,JS06547.hea,0,0,5000,head_tail
seg_002978,JS06551.hea,0,0,5000,head_tail
seg_002980,JS06568.hea,0,0,5000,head_tail
seg_002982,JS06585.hea,0,0,5000,head_tail
seg_002984,JS06592.hea,0,0,5000,head_tail
seg_002986,JS06596.hea,0,0,5000,head_tail
seg_002987,JS06600.hea,0,0,5000,head_tail
seg_002989,JS06607.hea,0,0,5000,head_tail
seg_002991,JS06615.hea,0,0,5000,head_tail
seg_002993,JS06639.hea,0,0,5000,head_tail
seg_002995,JS06649.hea,0,0,5000,head_tail
seg_002996,JS06660.hea,0,0,5000,head_tail
seg_002997,JS06663.hea,0,0,5000,head_tail
seg_002999,JS06668.hea,0,0,5000,head_tail
seg_003001,JS06678.hea,0,0,5000,head_tail
seg_003002,JS06689.hea,0,0,5000,head_tail
seg_003003,JS06695.hea,0,0,5000,head_tail
seg_003004,JS06704.hea,0,0,5000,head_tail
seg_003005,JS06705.hea,0,0,5000,head_tail
seg_003006,JS06707.hea,0,0,5000,head_tail
seg_003007,JS06718.hea,0,0,5000,head_tail
seg_003009,JS06724.hea,0,0,5000,head_tail
seg_003011,JS06737.hea,0,0,5000,head_tail
seg_003013,JS06743.hea,0,0,5000,head_tail
seg_003014,JS06746.hea,0,0,5000,head_tail
seg_003015,JS06759.hea,0,0,5000,head_tail
seg_003016,JS06763.hea,0,0,5000,head_tail
seg_003017,JS06765.hea,0,0,5000,head_tail
seg_003019,JS06781.hea,0,0,5000,head_tail
seg_003021,JS06790.hea,0,0,5000,head_tail
seg_003023,JS06807.hea,0,0,5000,head_tail
seg_003024,JS06809.hea,0,0,5000,head_tail
seg_003025,JS06810.hea,0,0,5000,head_tail
seg_003027,JS06832.hea,0,0,5000,head_tail
seg_003028,JS06838.hea,0,0,5000,head_tail
seg_003029,JS06856.hea,0,0,5000,head_tail
seg_003031,JS06859.hea,0,0,5000,head_tail
seg_003032,JS06864.hea,0,0,5000,head_tail
seg_003034,JS06878.hea,0,0,5000,head_tail
seg_003037,JS06913.hea,0,0,5000,head_tail
seg_003038,JS06918.hea,0,0,5000,head_tail
seg_003039,JS06920.hea,0,0,5000,head_tail
seg_003041,JS06923.hea,0,0,5000,head_tail
seg_003042,JS06929.hea,0,0,5000,head_tail
seg_003043,JS06934.hea,0,0,5000,head_tail
seg_003044,JS06947.hea,0,0,5000,head_tail
seg_003045,JS06955.hea,0,0,5000,head_tail
seg_003046,JS06957.hea,0,0,5000,head_tail
seg_003049,JS06974.hea,0,0,5000,head_tail
seg_003050,JS06981.hea,0,0,5000,head_tail
seg_003051,JS07003.hea,0,0,5000,head_tail
seg_003053,JS07013.hea,0,0,5000,head_tail
seg_003054,JS07016.hea,0,0,5000,head_tail
seg_003056,JS07031.hea,0,0,5000,head_tail
seg_003057,JS07046.hea,0,0,5000,head_tail
seg_003059,JS07059.hea,0,0,5000,head_tail
seg_003060,JS07074.hea,0,0,5000,head_tail
seg_003061,JS07078.hea,0,0,5000,head_tail
seg_003063,JS07104.hea,0,0,5000,head_tail
seg_003064,JS07106.hea,0,0,5000,head_tail
seg_003066,JS07111.hea,0,0,5000,head_tail
seg_003069,JS07126.hea,0,0,5000,head_tail
seg_003070,JS07135.hea,0,0,5000,head_tail
seg_003071,JS07138.hea,0,0,5000,head_tail
seg_003073,JS07147.hea,0,0,5000,head_tail
seg_003074,JS07153.hea,0,0,5000,head_tail
seg_003075,JS07159.hea,0,0,5000,head_tail
seg_003077,JS07163.hea,0,0,5000,head_tail
seg_003078,JS07170.hea,0,0,5000,head_tail
seg_003079,JS07172.hea,0,0,5000,head_tail
seg_003081,JS07184.hea,0,0,5000,head_tail
seg_003083,JS07197.hea,0,0,5000,head_tail
seg_003086,JS07204.hea,0,0,5000,head_tail
seg_003087,JS07208.hea,0,0,5000,head_tail
seg_003089,JS07216.hea,0,0,5000,head_tail
seg_003091,JS07220.hea,0,0,5000,head_tail
seg_003092,JS07222.hea,0,0,5000,head_tail
seg_003093,JS07226.hea,0,0,5000,head_tail
seg_003095,JS07233.hea,0,0,5000,head_tail
seg_003097,JS07243.hea,0,0,5000,head_tail
seg_003098,JS07247.hea,0,0,5000,head_tail
seg_003099,JS07248.hea,0,0,5000,head_tail
seg_003102,JS07280.hea,0,0,5000,head_tail
seg_003104,JS07284.hea,0,0,5000,head_tail
seg_003105,JS07287.hea,0,0,5000,head_tail
seg_003107,JS07290.hea,0,0,5000,head_tail
seg_003108,JS07299.hea,0,0,5000,head_tail
seg_003109,JS07300.hea,0,0,5000,head_tail
seg_003111,JS07308.hea,0,0,5000,head_tail
seg_003112,JS07316.hea,0,0,5000,head_tail
seg_003114,JS07322.hea,0,0,5000,head_tail
seg_003116,JS07327.hea,0,0,5000,head_tail
seg_003118,JS07350.hea,0,0,5000,head_tail
seg_003120,JS07352.hea,0,0,5000,head_tail
seg_003121,JS07355.hea,0,0,5000,head_tail
seg_003123,JS07371.hea,0,0,5000,head_tail
seg_003124,JS07380.hea,0,0,5000,head_tail
seg_003126,JS07387.hea,0,0,5000,head_tail
seg_003128,JS07401.hea,0,0,5000,head_tail
seg_003129,JS07403.hea,0,0,5000,head_tail
seg_003131,JS07411.hea,0,0,5000,head_tail
seg_003133,JS07420.hea,0,0,5000,head_tail
seg_003135,JS07425.hea,0,0,5000,head_tail
seg_003136,JS07427.hea,0,0,5000,head_tail
seg_003137,JS07430.hea,0,0,5000,head_tail
seg_003138,JS07431.hea,0,0,5000,head_tail
seg_003140,JS07443.hea,0,0,5000,head_tail
seg_003141,JS07444.hea,0,0,5000,head_tail
seg_003142,JS07448.hea,0,0,5000,head_tail
seg_003145,JS07459.hea,0,0,5000,head_tail
seg_003146,JS07460.hea,0,0,5000,head_tail
seg_003147,JS07470.hea,0,0,5000,head_tail
seg_003148,JS07473.hea,0,0,5000,head_tail
seg_003150,JS07483.hea,0,0,5000,head_tail
seg_003151,JS07484.hea,0,0,5000,head_tail
seg_003152,JS07491.hea,0,0,5000,head_tail
seg_003153,JS07495.hea,0,0,5000,head_tail
seg_003154,JS07497.hea,0,0,5000,head_tail
seg_003156,JS07509.hea,0,0,5000,head_tail
seg_003157,JS07532.hea,0,0,5000,head_tail
seg_003158,JS07536.hea,0,0,5000,head_tail
seg_003161,JS07554.hea,0,0,5000,head_tail
seg_003162,JS07560.hea,0,0,5000,head_tail
seg_003163,JS07564.hea,0,0,5000,head_tail
seg_003164,JS07574.hea,0,0,5000,head_tail
seg_003165,JS07576.hea,0,0,5000,head_tail
seg_003166,JS07581.hea,0,0,5000,head_tail
seg_003168,JS07601.hea,0,0,5000,head_tail
seg_003169,JS07606.hea,0,0,5000,head_tail
seg_003171,JS07610.hea,0,0,5000,head_tail
seg_003172,JS07620.hea,0,0,5000,head_tail
seg_003174,JS07628.hea,0,0,5000,head_tail
seg_003175,JS07638.hea,0,0,5000,head_tail
seg_003176,JS07642.hea,0,0,5000,head_tail
seg_003178,JS07648.hea,0,0,5000,head_tail
seg_003179,JS07655.hea,0,0,5000,head_tail
seg_003180,JS07656.hea,0,0,5000,head_tail
seg_003182,JS07670.hea,0,0,5000,head_tail
seg_003183,JS07676.hea,0,0,5000,head_tail
seg_003185,JS07679.hea,0,0,5000,head_tail
seg_003186,JS07681.hea,0,0,5000,head_tail
seg_003188,JS07687.hea,0,0,5000,head_tail
seg_003191,JS07694.hea,0,0,5000,head_tail
seg_003193,JS07707.hea,0,0,5000,head_tail
seg_003194,JS07708.hea,0,0,5000,head_tail
seg_003195,JS07712.hea,0,0,5000,head_tail
seg_003198,JS07735.hea,0,0,5000,head_tail
seg_003199,JS07741.hea,0,0,5000,head_tail
seg_003201,JS07756.hea,0,0,5000,head_tail
seg_003204,JS07773.hea,0,0,5000,head_tail
seg_003205,JS07782.hea,0,0,5000,head_tail
seg_003206,JS07786.hea,0,0,5000,head_tail
seg_003207,JS07796.hea,0,0,5000,head_tail
seg_003208,JS07799.hea,0,0,5000,head_tail
seg_003209,JS07800.hea,0,0,5000,head_tail
seg_003210,JS07801.hea,0,0,5000,head_tail
seg_003213,JS07823.hea,0,0,5000,head_tail
seg_003216,JS07842.hea,0,0,5000,head_tail
seg_003217,JS07869.hea,0,0,5000,head_tail
seg_003219,JS07873.hea,0,0,5000,head_tail
seg_003221,JS07875.hea,0,0,5000,head_tail
seg_003222,JS07876.hea,0,0,5000,head_tail
seg_003223,JS07877.hea,0,0,5000,head_tail
seg_003224,JS07884.hea,0,0,5000,head_tail
seg_003225,JS07885.hea,0,0,5000,head_tail
seg_003228,JS07889.hea,0,0,5000,head_tail
seg_003230,JS07899.hea,0,0,5000,head_tail
seg_003231,JS07905.hea,0,0,5000,head_tail
seg_003234,JS07909.hea,0,0,5000,head_tail
seg_003235,JS07923.hea,0,0,5000,head_tail
seg_003237,JS07927.hea,0,0,5000,head_tail
seg_003239,JS07930.hea,0,0,5000,head_tail
seg_003240,JS07933.hea,0,0,5000,head_tail
seg_003242,JS07959.hea,0,0,5000,head_tail
seg_003243,JS07963.hea,0,0,5000,head_tail
seg_003244,JS07974.hea,0,0,5000,head_tail
seg_003247,JS07977.hea,0,0,5000,head_tail
seg_003248,JS07979.hea,0,0,5000,head_tail
seg_003249,JS07981.hea,0,0,5000,head_tail
seg_003251,JS07989.hea,0,0,5000,head_tail
seg_003252,JS07991.hea,0,0,5000,head_tail
seg_003253,JS08004.hea,0,0,5000,head_tail
seg_003255,JS08012.hea,0,0,5000,head_tail
seg_003256,JS08022.hea,0,0,5000,head_tail
seg_003257,JS08024.hea,0,0,5000,head_tail
seg_003258,JS08029.hea,0,0,5000,head_tail
seg_003259,JS08032.hea,0,0,5000,head_tail
seg_003262,JS08039.hea,0,0,5000,head_tail
seg_003264,JS08046.hea,0,0,5000,head_tail
seg_003265,JS08050.hea,0,0,5000,head_tail
seg_003266,JS08060.hea,0,0,5000,head_tail
seg_003267,JS08061.hea,0,0,5000,head_tail
seg_003268,JS08067.hea,0,0,5000,head_tail
seg_003269,JS08070.hea,0,0,5000,head_tail
seg_003271,JS08088.hea,0,0,5000,head_tail
seg_003272,JS08093.hea,0,0,5000,head_tail
seg_003273,JS08097.hea,0,0,5000,head_tail
seg_003275,JS08103.hea,0,0,5000,head_tail
seg_003276,JS08107.hea,0,0,5000,head_tail
seg_003278,JS08112.hea,0,0,5000,head_tail
seg_003280,JS08118.hea,0,0,5000,head_tail
seg_003281,JS08119.hea,0,0,5000,head_tail
seg_003282,JS08131.hea,0,0,5000,head_tail
seg_003283,JS08145.hea,0,0,5000,head_tail
seg_003284,JS08150.hea,0,0,5000,head_tail
seg_003285,JS08155.hea,0,0,5000,head_tail
seg_003288,JS08168.hea,0,0,5000,head_tail
seg_003289,JS08189.hea,0,0,5000,head_tail
seg_003291,JS08197.hea,0,0,5000,head_tail
seg_003292,JS08198.hea,0,0,5000,head_tail
seg_003294,JS08205.hea,0,0,5000,head_tail
seg_003297,JS08212.hea,0,0,5000,head_tail
seg_003299,JS08224.hea,0,0,5000,head_tail
seg_003300,JS08226.hea,0,0,5000,head_tail
seg_003301,JS08228.hea,0,0,5000,head_tail
seg_003303,JS08237.hea,0,0,5000,head_tail
seg_003304,JS08242.hea,0,0,5000,head_tail
seg_003305,JS08248.hea,0,0,5000,head_tail
seg_003307,JS08253.hea,0,0,5000,head_tail
seg_003308,JS08260.hea,0,0,5000,head_tail
seg_003309,JS08265.hea,0,0,5000,head_tail
seg_003312,JS08281.hea,0,0,5000,head_tail
seg_003313,JS08284.hea,0,0,5000,head_tail
seg_003314,JS08294.hea,0,0,5000,head_tail
seg_003315,JS08299.hea,0,0,5000,head_tail
seg_003317,JS08311.hea,0,0,5000,head_tail
seg_003318,JS08313.hea,0,0,5000,head_tail
seg_003319,JS08317.hea,0,0,5000,head_tail
seg_003320,JS08323.hea,0,0,5000,head_tail
seg_003321,JS08330.hea,0,0,5000,head_tail
seg_003323,JS08344.hea,0,0,5000,head_tail
seg_003324,JS08347.hea,0,0,5000,head_tail
seg_003325,JS08348.hea,0,0,5000,head_tail
seg_003326,JS08351.hea,0,0,5000,head_tail
seg_003328,JS08357.hea,0,0,5000,head_tail
seg_003329,JS08359.hea,0,0,5000,head_tail
seg_003331,JS08371.hea,0,0,5000,head_tail
seg_003333,JS08382.hea,0,0,5000,head_tail
seg_003335,JS08400.hea,0,0,5000,head_tail
seg_003336,JS08405.hea,0,0,5000,head_tail
seg_003338,JS08408.hea,0,0,5000,head_tail
seg_003341,JS08431.hea,0,0,5000,head_tail
seg_003342,JS08434.hea,0,0,5000,head_tail
seg_003345,JS08440.hea,0,0,5000,head_tail
seg_003346,JS08449.hea,0,0,5000,head_tail
seg_003347,JS08451.hea,0,0,5000,head_tail
seg_003348,JS08457.hea,0,0,5000,head_tail
seg_003349,JS08473.hea,0,0,5000,head_tail
seg_003350,JS08476.hea,0,0,5000,head_tail
seg_003351,JS08478.hea,0,0,5000,head_tail
seg_003354,JS08488.hea,0,0,5000,head_tail
seg_003355,JS08490.hea,0,0,5000,head_tail
seg_003356,JS08491.hea,0,0,5000,head_tail
seg_003357,JS08498.hea,0,0,5000,head_tail
seg_003358,JS08505.hea,0,0,5000,head_tail
seg_003360,JS08509.hea,0,0,5000,head_tail
seg_003361,JS08511.hea,0,0,5000,head_tail
seg_003362,JS08518.hea,0,0,5000,head_tail
seg_003364,JS08535.hea,0,0,5000,head_tail
seg_003365,JS08543.hea,0,0,5000,head_tail
seg_003366,JS08555.hea,0,0,5000,head_tail
seg_003367,JS08559.hea,0,0,5000,head_tail
seg_003368,JS08561.hea,0,0,5000,head_tail
seg_003369,JS08573.hea,0,0,5000,head_tail
seg_003370,JS08595.hea,0,0,5000,head_tail
seg_003371,JS08598.hea,0,0,5000,head_tail
seg_003373,JS08608.hea,0,0,5000,head_tail
seg_003374,JS08621.hea,0,0,5000,head_tail
seg_003375,JS08622.hea,0,0,5000,head_tail
seg_003376,JS08632.hea,0,0,5000,head_tail
seg_003377,JS08638.hea,0,0,5000,head_tail
seg_003378,JS08641.hea,0,0,5000,head_tail
seg_003380,JS08657.hea,0,0,5000,head_tail
seg_003381,JS08672.hea,0,0,5000,head_tail
seg_003382,JS08680.hea,0,0,5000,head_tail
seg_003384,JS08683.hea,0,0,5000,head_tail
seg_003386,JS08686.hea,0,0,5000,head_tail
seg_003387,JS08698.hea,0,0,5000,head_tail
seg_003390,JS08733.hea,0,0,5000,head_tail
seg_003392,JS08740.hea,0,0,5000,head_tail
seg_003393,JS08741.hea,0,0,5000,head_tail
seg_003395,JS08749.hea,0,0,5000,head_tail
seg_003396,JS08750.hea,0,0,5000,head_tail
seg_003397,JS08756.hea,0,0,5000,head_tail
seg_003398,JS08757.hea,0,0,5000,head_tail
seg_003400,JS08761.hea,0,0,5000,head_tail
seg_003401,JS08779.hea,0,0,5000,head_tail
seg_003402,JS08780.hea,0,0,5000,head_tail
seg_003405,JS08808.hea,0,0,5000,head_tail
seg_003407,JS08818.hea,0,0,5000,head_tail
seg_003408,JS08822.hea,0,0,5000,head_tail
seg_003410,JS08830.hea,0,0,5000,head_tail
seg_003411,JS08832.hea,0,0,5000,head_tail
seg_003412,JS08837.hea,0,0,5000,head_tail
seg_003414,JS08859.hea,0,0,5000,head_tail
seg_003415,JS08866.hea,0,0,5000,head_tail
seg_003416,JS08869.hea,0,0,5000,head_tail
seg_003417,JS08894.hea,0,0,5000,head_tail
seg_003418,JS08896.hea,0,0,5000,head_tail
seg_003419,JS08922.hea,0,0,5000,head_tail
seg_003420,JS08933.hea,0,0,5000,head_tail
seg_003422,JS08961.hea,0,0,5000,head_tail
seg_003423,JS08963.hea,0,0,5000,head_tail
seg_003426,JS08980.hea,0,0,5000,head_tail
seg_003427,JS08982.hea,0,0,5000,head_tail
seg_003429,JS08984.hea,0,0,5000,head_tail
seg_003431,JS08995.hea,0,0,5000,head_tail
seg_003434,JS09000.hea,0,0,5000,head_tail
seg_003437,JS09013.hea,0,0,5000,head_tail
seg_003438,JS09014.hea,0,0,5000,head_tail
seg_003439,JS09016.hea,0,0,5000,head_tail
seg_003441,JS09022.hea,0,0,5000,head_tail
seg_003442,JS09024.hea,0,0,5000,head_tail
seg_003444,JS09037.hea,0,0,5000,head_tail
seg_003446,JS09047.hea,0,0,5000,head_tail
seg_003449,JS09060.hea,0,0,5000,head_tail
seg_003450,JS09083.hea,0,0,5000,head_tail
seg_003451,JS09090.hea,0,0,5000,head_tail
seg_003452,JS09098.hea,0,0,5000,head_tail
seg_003453,JS09099.hea,0,0,5000,head_tail
seg_003454,JS09101.hea,0,0,5000,head_tail
seg_003455,JS09116.hea,0,0,5000,head_tail
seg_003456,JS09132.hea,0,0,5000,head_tail
seg_003457,JS09135.hea,0,0,5000,head_tail
seg_003458,JS09137.hea,0,0,5000,head_tail
seg_003459,JS09143.hea,0,0,5000,head_tail
seg_003461,JS09149.hea,0,0,5000,head_tail
seg_003463,JS09167.hea,0,0,5000,head_tail
seg_003464,JS09174.hea,0,0,5000,head_tail
seg_003465,JS09175.hea,0,0,5000,head_tail
seg_003467,JS09187.hea,0,0,5000,head_tail
seg_003468,JS09189.hea,0,0,5000,head_tail
seg_003470,JS09196.hea,0,0,5000,head_tail
seg_003473,JS09207.hea,0,0,5000,head_tail
seg_003474,JS09209.hea,0,0,5000,head_tail
seg_003475,JS09219.hea,0,0,5000,head_tail
seg_003476,JS09221.hea,0,0,5000,head_tail
seg_003477,JS09233.hea,0,0,5000,head_tail
seg_003478,JS09235.hea,0,0,5000,head_tail
seg_003479,JS09238.hea,0,0,5000,head_tail
seg_003481,JS09255.hea,0,0,5000,head_tail
seg_003482,JS09256.hea,0,0,5000,head_tail
seg_003483,JS09257.hea,0,0,5000,head_tail
seg_003484,JS09260.hea,0,0,5000,head_tail
seg_003485,JS09262.hea,0,0,5000,head_tail
seg_003488,JS09279.hea,0,0,5000,head_tail
seg_003489,JS09286.hea,0,0,5000,head_tail
seg_003493,JS09300.hea,0,0,5000,head_tail
seg_003498,JS09338.hea,0,0,5000,head_tail
seg_003499,JS09343.hea,0,0,5000,head_tail
seg_003500,JS09347.hea,0,0,5000,head_tail
seg_003501,JS09348.hea,0,0,5000,head_tail
seg_003502,JS09351.hea,0,0,5000,head_tail
seg_003503,JS09357.hea,0,0,5000,head_tail
seg_003504,JS09360.hea,0,0,5000,head_tail
seg_003506,JS09373.hea,0,0,5000,head_tail
seg_003508,JS09394.hea,0,0,5000,head_tail
seg_003510,JS09403.hea,0,0,5000,head_tail
seg_003513,JS09425.hea,0,0,5000,head_tail
seg_003514,JS09438.hea,0,0,5000,head_tail
seg_003517,JS09449.hea,0,0,5000,head_tail
seg_003518,JS09451.hea,0,0,5000,head_tail
seg_003519,JS09453.hea,0,0,5000,head_tail
seg_003521,JS09474.hea,0,0,5000,head_tail
seg_003522,JS09475.hea,0,0,5000,head_tail
seg_003525,JS09495.hea,0,0,5000,head_tail
seg_003527,JS09500.hea,0,0,5000,head_tail
seg_003528,JS09505.hea,0,0,5000,head_tail
seg_003530,JS09509.hea,0,0,5000,head_tail
seg_003532,JS09523.hea,0,0,5000,head_tail
seg_003534,JS09546.hea,0,0,5000,head_tail
seg_003535,JS09547.hea,0,0,5000,head_tail
seg_003537,JS09552.hea,0,0,5000,head_tail
seg_003538,JS09560.hea,0,0,5000,head_tail
seg_003539,JS09563.hea,0,0,5000,head_tail
seg_003541,JS09575.hea,0,0,5000,head_tail
seg_003542,JS09581.hea,0,0,5000,head_tail
seg_003543,JS09583.hea,0,0,5000,head_tail
seg_003545,JS09589.hea,0,0,5000,head_tail
seg_003547,JS09608.hea,0,0,5000,head_tail
seg_003548,JS09616.hea,0,0,5000,head_tail
seg_003549,JS09624.hea,0,0,5000,head_tail
seg_003550,JS09629.hea,0,0,5000,head_tail
seg_003551,JS09632.hea,0,0,5000,head_tail
seg_003553,JS09645.hea,0,0,5000,head_tail
seg_003554,JS09646.hea,0,0,5000,head_tail
seg_003555,JS09650.hea,0,0,5000,head_tail
seg_003557,JS09661.hea,0,0,5000,head_tail
seg_003560,JS09682.hea,0,0,5000,head_tail
seg_003561,JS09684.hea,0,0,5000,head_tail
seg_003562,JS09686.hea,0,0,5000,head_tail
seg_003563,JS09689.hea,0,0,5000,head_tail
seg_003565,JS09698.hea,0,0,5000,head_tail
seg_003566,JS09708.hea,0,0,5000,head_tail
seg_003570,JS09731.hea,0,0,5000,head_tail
seg_003571,JS09741.hea,0,0,5000,head_tail
seg_003573,JS09745.hea,0,0,5000,head_tail
seg_003574,JS09750.hea,0,0,5000,head_tail
seg_003576,JS09762.hea,0,0,5000,head_tail
seg_003577,JS09766.hea,0,0,5000,head_tail
seg_003578,JS09769.hea,0,0,5000,head_tail
seg_003580,JS09775.hea,0,0,5000,head_tail
seg_003582,JS09787.hea,0,0,5000,head_tail
seg_003584,JS09791.hea,0,0,5000,head_tail
seg_003585,JS09792.hea,0,0,5000,head_tail
seg_003587,JS09796.hea,0,0,5000,head_tail
seg_003589,JS09800.hea,0,0,5000,head_tail
seg_003590,JS09805.hea,0,0,5000,head_tail
seg_003591,JS09827.hea,0,0,5000,head_tail
seg_003592,JS09829.hea,0,0,5000,head_tail
seg_003593,JS09835.hea,0,0,5000,head_tail
seg_003594,JS09845.hea,0,0,5000,head_tail
seg_003595,JS09847.hea,0,0,5000,head_tail
seg_003596,JS09849.hea,0,0,5000,head_tail
seg_003597,JS09869.hea,0,0,5000,head_tail
seg_003599,JS09872.hea,0,0,5000,head_tail
seg_003601,JS09879.hea,0,0,5000,head_tail
seg_003605,JS09892.hea,0,0,5000,head_tail
seg_003606,JS10668.hea,0,0,5000,head_tail
seg_003608,JS10670.hea,0,0,5000,head_tail
seg_003609,JS10671.hea,0,0,5000,head_tail
seg_003611,JS10673.hea,0,0,5000,head_tail
seg_003612,JS10674.hea,0,0,5000,head_tail
seg_003613,JS10675.hea,0,0,5000,head_tail
seg_003616,JS10723.hea,0,0,5000,head_tail
seg_003617,JS10734.hea,0,0,5000,head_tail
seg_003618,JS10735.hea,0,0,5000,head_tail
seg_003619,JS10736.hea,0,0,5000,head_tail
seg_003622,JS10739.hea,0,0,5000,head_tail
seg_003623,JS10816.hea,0,0,5000,head_tail
seg_003624,JS10820.hea,0,0,5000,head_tail
seg_003626,JS10840.hea,0,0,5000,head_tail
seg_003628,JS10854.hea,0,0,5000,head_tail
seg_003629,JS10855.hea,0,0,5000,head_tail
seg_003631,JS10860.hea,0,0,5000,head_tail
seg_003632,JS10949.hea,0,0,5000,head_tail
seg_003634,JS10951.hea,0,0,5000,head_tail
seg_003635,JS10952.hea,0,0,5000,head_tail
seg_003637,JS10954.hea,0,0,5000,head_tail
seg_003638,JS10955.hea,0,0,5000,head_tail
seg_003641,JS11040.hea,0,0,5000,head_tail
seg_003642,JS11041.hea,0,0,5000,head_tail
seg_003643,JS11042.hea,0,0,5000,head_tail
seg_003646,JS11045.hea,0,0,5000,head_tail
seg_003647,JS11046.hea,0,0,5000,head_tail
seg_003648,JS11047.hea,0,0,5000,head_tail
seg_003649,JS11048.hea,0,0,5000,head_tail
seg_003650,JS11049.hea,0,0,5000,head_tail
seg_003653,JS11052.hea,0,0,5000,head_tail
seg_003654,JS11053.hea,0,0,5000,head_tail
seg_003655,JS11054.hea,0,0,5000,head_tail
seg_003656,JS11055.hea,0,0,5000,head_tail
seg_003659,JS11058.hea,0,0,5000,head_tail
seg_003660,JS11059.hea,0,0,5000,head_tail
seg_003662,JS11061.hea,0,0,5000,head_tail
seg_003663,JS11062.hea,0,0,5000,head_tail
seg_003664,JS11063.hea,0,0,5000,head_tail
seg_003667,JS11066.hea,0,0,5000,head_tail
seg_003668,JS11067.hea,0,0,5000,head_tail
seg_003670,JS11069.hea,0,0,5000,head_tail
seg_003671,JS11070.hea,0,0,5000,head_tail
seg_003673,JS11072.hea,0,0,5000,head_tail
seg_003674,JS11073.hea,0,0,5000,head_tail
seg_003676,JS11075.hea,0,0,5000,head_tail
seg_003678,JS11077.hea,0,0,5000,head_tail
seg_003679,JS11078.hea,0,0,5000,head_tail
seg_003681,JS11080.hea,0,0,5000,head_tail
seg_003683,JS11082.hea,0,0,5000,head_tail
seg_003684,JS11083.hea,0,0,5000,head_tail
seg_003686,JS11085.hea,0,0,5000,head_tail
seg_003687,JS11086.hea,0,0,5000,head_tail
seg_003688,JS11087.hea,0,0,5000,head_tail
seg_003691,JS11090.hea,0,0,5000,head_tail
seg_003692,JS11091.hea,0,0,5000,head_tail
seg_003693,JS11092.hea,0,0,5000,head_tail
seg_003694,JS11093.hea,0,0,5000,head_tail
seg_003696,JS11095.hea,0,0,5000,head_tail
seg_003698,JS11097.hea,0,0,5000,head_tail
seg_003699,JS11098.hea,0,0,5000,head_tail
seg_003702,JS11101.hea,0,0,5000,head_tail
seg_003703,JS11102.hea,0,0,5000,head_tail
seg_003704,JS11103.hea,0,0,5000,head_tail
seg_003705,JS11104.hea,0,0,5000,head_tail
seg_003707,JS11106.hea,0,0,5000,head_tail
seg_003708,JS11107.hea,0,0,5000,head_tail
seg_003710,JS11109.hea,0,0,5000,head_tail
seg_003712,JS11111.hea,0,0,5000,head_tail
seg_003713,JS11112.hea,0,0,5000,head_tail
seg_003714,JS11113.hea,0,0,5000,head_tail
seg_003717,JS11116.hea,0,0,5000,head_tail
seg_003718,JS11117.hea,0,0,5000,head_tail
seg_003720,JS11119.hea,0,0,5000,head_tail
seg_003722,JS11121.hea,0,0,5000,head_tail
seg_003723,JS11122.hea,0,0,5000,head_tail
seg_003724,JS11123.hea,0,0,5000,head_tail
seg_003727,JS11126.hea,0,0,5000,head_tail
seg_003728,JS11127.hea,0,0,5000,head_tail
seg_003729,JS11128.hea,0,0,5000,head_tail
seg_003731,JS11130.hea,0,0,5000,head_tail
seg_003733,JS11132.hea,0,0,5000,head_tail
seg_003734,JS11133.hea,0,0,5000,head_tail
seg_003735,JS11134.hea,0,0,5000,head_tail
seg_003736,JS11135.hea,0,0,5000,head_tail
seg_003738,JS11137.hea,0,0,5000,head_tail
seg_003740,JS11139.hea,0,0,5000,head_tail
seg_003742,JS11141.hea,0,0,5000,head_tail
seg_003743,JS11142.hea,0,0,5000,head_tail
seg_003744,JS11143.hea,0,0,5000,head_tail
seg_003747,JS11146.hea,0,0,5000,head_tail
seg_003748,JS11147.hea,0,0,5000,head_tail
seg_003749,JS11148.hea,0,0,5000,head_tail
seg_003750,JS11149.hea,0,0,5000,head_tail
seg_003753,JS11152.hea,0,0,5000,head_tail
seg_003754,JS11522.hea,0,0,5000,head_tail
seg_003755,JS11529.hea,0,0,5000,head_tail
seg_003758,JS11544.hea,0,0,5000,head_tail
seg_003759,JS11547.hea,0,0,5000,head_tail
seg_003761,JS11555.hea,0,0,5000,head_tail
seg_003762,JS11558.hea,0,0,5000,head_tail
seg_003764,JS11563.hea,0,0,5000,head_tail
seg_003766,JS11605.hea,0,0,5000,head_tail
seg_003767,JS11608.hea,0,0,5000,head_tail
seg_003768,JS11609.hea,0,0,5000,head_tail
seg_003769,JS11641.hea,0,0,5000,head_tail
seg_003772,JS11653.hea,0,0,5000,head_tail
seg_003773,JS11654.hea,0,0,5000,head_tail
seg_003774,JS11655.hea,0,0,5000,head_tail
seg_003776,JS11667.hea,0,0,5000,head_tail
seg_003778,JS11703.hea,0,0,5000,head_tail
seg_003779,JS11704.hea,0,0,5000,head_tail
seg_003780,JS11705.hea,0,0,5000,head_tail
seg_003783,JS11708.hea,0,0,5000,head_tail
seg_003784,JS11709.hea,0,0,5000,head_tail
seg_003786,JS11720.hea,0,0,5000,head_tail
seg_003787,JS11724.hea,0,0,5000,head_tail
seg_003789,JS11749.hea,0,0,5000,head_tail
seg_003791,JS11783.hea,0,0,5000,head_tail
seg_003792,JS11784.hea,0,0,5000,head_tail
seg_003793,JS11785.hea,0,0,5000,head_tail
seg_003795,JS11804.hea,0,0,5000,head_tail
seg_003797,JS11835.hea,0,0,5000,head_tail
seg_003798,JS11836.hea,0,0,5000,head_tail
seg_003799,JS11837.hea,0,0,5000,head_tail
seg_003800,JS12279.hea,0,0,5000,head_tail
seg_003802,JS12281.hea,0,0,5000,head_tail
seg_003804,JS12293.hea,0,0,5000,head_tail
seg_003805,JS12294.hea,0,0,5000,head_tail
seg_003807,JS12296.hea,0,0,5000,head_tail
seg_003808,JS12297.hea,0,0,5000,head_tail
seg_003811,JS12300.hea,0,0,5000,head_tail
seg_003812,JS12301.hea,0,0,5000,head_tail
seg_003814,JS12303.hea,0,0,5000,head_tail
seg_003815,JS12304.hea,0,0,5000,head_tail
seg_003817,JS12306.hea,0,0,5000,head_tail
seg_003818,JS12307.hea,0,0,5000,head_tail
seg_003820,JS12309.hea,0,0,5000,head_tail
seg_003822,JS12311.hea,0,0,5000,head_tail
seg_003823,JS12312.hea,0,0,5000,head_tail
seg_003824,JS12313.hea,0,0,5000,head_tail
seg_003827,JS12316.hea,0,0,5000,head_tail
seg_003828,JS12317.hea,0,0,5000,head_tail
seg_003829,JS12318.hea,0,0,5000,head_tail
seg_003830,JS12319.hea,0,0,5000,head_tail
seg_003833,JS12322.hea,0,0,5000,head_tail
seg_003834,JS12323.hea,0,0,5000,head_tail
seg_003835,JS12324.hea,0,0,5000,head_tail
seg_003837,JS12326.hea,0,0,5000,head_tail
seg_003839,JS12328.hea,0,0,5000,head_tail
seg_003841,JS12330.hea,0,0,5000,head_tail
seg_003842,JS12416.hea,0,0,5000,head_tail
seg_003843,JS12424.hea,0,0,5000,head_tail
seg_003846,JS12466.hea,0,0,5000,head_tail
seg_003847,JS12491.hea,0,0,5000,head_tail
seg_003848,JS12501.hea,0,0,5000,head_tail
seg_003849,JS12502.hea,0,0,5000,head_tail
seg_003851,JS12506.hea,0,0,5000,head_tail
seg_003853,JS12516.hea,0,0,5000,head_tail
seg_003854,JS12518.hea,0,0,5000,head_tail
seg_003855,JS12519.hea,0,0,5000,head_tail
seg_003856,JS12828.hea,0,0,5000,head_tail
seg_003859,JS13024.hea,0,0,5000,head_tail
seg_003861,JS13032.hea,0,0,5000,head_tail
seg_003862,JS13837.hea,0,0,5000,head_tail
seg_003864,JS18533.hea,0,0,5000,head_tail
seg_003866,JS18535.hea,0,0,5000,head_tail
seg_003867,JS18539.hea,0,0,5000,head_tail
seg_003868,JS18540.hea,0,0,5000,head_tail
seg_003871,JS19093.hea,0,0,5000,head_tail
seg_003872,JS19094.hea,0,0,5000,head_tail
seg_003873,JS19169.hea,0,0,5000,head_tail
seg_003874,JS19170.hea,0,0,5000,head_tail
seg_003877,JS19993.hea,0,0,5000,head_tail
seg_003878,JS20051.hea,0,0,5000,head_tail
seg_003879,JS20052.hea,0,0,5000,head_tail
seg_003881,JS20062.hea,0,0,5000,head_tail
seg_003882,JS20078.hea,0,0,5000,head_tail
seg_003883,JS20079.hea,0,0,5000,head_tail
seg_003886,JS20134.hea,0,0,5000,head_tail
seg_003887,JS20135.hea,0,0,5000,head_tail
seg_003889,JS20172.hea,0,0,5000,head_tail
seg_003891,JS20199.hea,0,0,5000,head_tail
seg_003892,JS20200.hea,0,0,5000,head_tail
seg_003893,JS20201.hea,0,0,5000,head_tail
seg_003895,JS20222.hea,0,0,5000,head_tail
seg_003897,JS20227.hea,0,0,5000,head_tail
seg_003898,JS20237.hea,0,0,5000,head_tail
seg_003899,JS20247.hea,0,0,5000,head_tail
seg_003902,JS20274.hea,0,0,5000,head_tail
seg_003903,JS20301.hea,0,0,5000,head_tail
seg_003904,JS20313.hea,0,0,5000,head_tail
seg_003906,JS20323.hea,0,0,5000,head_tail
seg_003908,JS20351.hea,0,0,5000,head_tail
seg_003909,JS20586.hea,0,0,5000,head_tail
seg_003911,JS20621.hea,0,0,5000,head_tail
seg_003912,JS20622.hea,0,0,5000,head_tail
seg_003913,JS20623.hea,0,0,5000,head_tail
seg_003915,JS20625.hea,0,0,5000,head_tail
seg_003917,JS20627.hea,0,0,5000,head_tail
seg_003918,JS20628.hea,0,0,5000,head_tail
seg_003919,JS20629.hea,0,0,5000,head_tail
seg_003920,JS20630.hea,0,0,5000,head_tail
seg_003923,JS20633.hea,0,0,5000,head_tail
seg_003924,JS20634.hea,0,0,5000,head_tail
seg_003925,JS20635.hea,0,0,5000,head_tail
seg_003928,JS20638.hea,0,0,5000,head_tail
seg_003929,JS20639.hea,0,0,5000,head_tail
seg_003930,JS20640.hea,0,0,5000,head_tail
seg_003933,JS20643.hea,0,0,5000,head_tail
seg_003934,JS20644.hea,0,0,5000,head_tail
seg_003935,JS20645.hea,0,0,5000,head_tail
seg_003937,JS20647.hea,0,0,5000,head_tail
seg_003939,JS20649.hea,0,0,5000,head_tail
seg_003940,JS20650.hea,0,0,5000,head_tail
seg_003942,JS20652.hea,0,0,5000,head_tail
seg_003943,JS20653.hea,0,0,5000,head_tail
seg_003944,JS20654.hea,0,0,5000,head_tail
seg_003947,JS20657.hea,0,0,5000,head_tail
seg_003948,JS20658.hea,0,0,5000,head_tail
seg_003949,JS20659.hea,0,0,5000,head_tail
seg_003951,JS20661.hea,0,0,5000,head_tail
seg_003953,JS20663.hea,0,0,5000,head_tail
seg_003954,JS20664.hea,0,0,5000,head_tail
seg_003956,JS20666.hea,0,0,5000,head_tail
seg_003957,JS20667.hea,0,0,5000,head_tail
seg_003959,JS20669.hea,0,0,5000,head_tail
seg_003960,JS20670.hea,0,0,5000,head_tail
seg_003962,JS20672.hea,0,0,5000,head_tail
seg_003964,JS20674.hea,0,0,5000,head_tail
seg_003965,JS20675.hea,0,0,5000,head_tail
seg_003966,JS20944.hea,0,0,5000,head_tail
seg_003967,JS21110.hea,0,0,5000,head_tail
seg_003971,JS21253.hea,0,0,5000,head_tail
seg_003972,JS21254.hea,0,0,5000,head_tail
seg_003973,JS21255.hea,0,0,5000,head_tail
seg_003974,JS21256.hea,0,0,5000,head_tail
seg_003976,JS21258.hea,0,0,5000,head_tail
seg_003978,JS21274.hea,0,0,5000,head_tail
seg_003979,JS21311.hea,0,0,5000,head_tail
seg_003980,JS21312.hea,0,0,5000,head_tail
seg_003982,JS21347.hea,0,0,5000,head_tail
seg_003984,JS21353.hea,0,0,5000,head_tail
seg_003985,JS21368.hea,0,0,5000,head_tail
seg_003987,JS21371.hea,0,0,5000,head_tail
seg_003988,JS21372.hea,0,0,5000,head_tail
seg_003991,JS21375.hea,0,0,5000,head_tail
seg_003992,JS21376.hea,0,0,5000,head_tail
seg_003993,JS21377.hea,0,0,5000,head_tail
seg_003994,JS21378.hea,0,0,5000,head_tail
seg_003996,JS21400.hea,0,0,5000,head_tail
seg_003998,JS21446.hea,0,0,5000,head_tail
seg_003999,JS21447.hea,0,0,5000,head_tail
seg_004001,JS21449.hea,0,0,5000,head_tail
seg_004003,JS21453.hea,0,0,5000,head_tail
seg_004004,JS21459.hea,0,0,5000,head_tail
seg_004006,JS21462.hea,0,0,5000,head_tail
seg_004007,JS21469.hea,0,0,5000,head_tail
seg_004009,JS21663.hea,0,0,5000,head_tail
seg_004010,JS21675.hea,0,0,5000,head_tail
seg_004012,JS21677.hea,0,0,5000,head_tail
seg_004014,JS21679.hea,0,0,5000,head_tail
seg_004016,JS21681.hea,0,0,5000,head_tail
seg_004017,JS21682.hea,0,0,5000,head_tail
seg_004018,JS21683.hea,0,0,5000,head_tail
seg_004021,JS21686.hea,0,0,5000,head_tail
seg_004022,JS21687.hea,0,0,5000,head_tail
seg_004023,JS21688.hea,0,0,5000,head_tail
seg_004024,JS21689.hea,0,0,5000,head_tail
seg_004027,JS21692.hea,0,0,5000,head_tail
seg_004028,JS21693.hea,0,0,5000,head_tail
seg_004029,JS21694.hea,0,0,5000,head_tail
seg_004030,JS21695.hea,0,0,5000,head_tail
seg_004031,JS21696.hea,0,0,5000,head_tail
seg_004034,JS21699.hea,0,0,5000,head_tail
seg_004035,JS21700.hea,0,0,5000,head_tail
seg_004037,JS21702.hea,0,0,5000,head_tail
seg_004039,JS21704.hea,0,0,5000,head_tail
seg_004040,JS21705.hea,0,0,5000,head_tail
seg_004042,JS21707.hea,0,0,5000,head_tail
seg_004043,JS21708.hea,0,0,5000,head_tail
seg_004046,JS21711.hea,0,0,5000,head_tail
seg_004047,JS21712.hea,0,0,5000,head_tail
seg_004048,JS21713.hea,0,0,5000,head_tail
seg_004049,JS21714.hea,0,0,5000,head_tail
seg_004052,JS21717.hea,0,0,5000,head_tail
seg_004053,JS21718.hea,0,0,5000,head_tail
seg_004054,JS21719.hea,0,0,5000,head_tail
seg_004056,JS21721.hea,0,0,5000,head_tail
seg_004058,JS21723.hea,0,0,5000,head_tail
seg_004059,JS21724.hea,0,0,5000,head_tail
seg_004061,JS21726.hea,0,0,5000,head_tail
seg_004062,JS21727.hea,0,0,5000,head_tail
seg_004063,JS21728.hea,0,0,5000,head_tail
seg_004065,JS21730.hea,0,0,5000,head_tail
seg_004066,JS21731.hea,0,0,5000,head_tail
seg_004067,JS21732.hea,0,0,5000,head_tail
seg_004069,JS21734.hea,0,0,5000,head_tail
seg_004072,JS21823.hea,0,0,5000,head_tail
seg_004073,JS21824.hea,0,0,5000,head_tail
seg_004074,JS21825.hea,0,0,5000,head_tail
seg_004077,JS21982.hea,0,0,5000,head_tail
seg_004078,JS21983.hea,0,0,5000,head_tail
seg_004079,JS21984.hea,0,0,5000,head_tail
seg_004081,JS21986.hea,0,0,5000,head_tail
seg_004082,JS21987.hea,0,0,5000,head_tail
seg_004084,JS21989.hea,0,0,5000,head_tail
seg_004085,JS21990.hea,0,0,5000,head_tail
seg_004087,JS21992.hea,0,0,5000,head_tail
seg_004088,JS21993.hea,0,0,5000,head_tail
seg_004090,JS21995.hea,0,0,5000,head_tail
seg_004091,JS21996.hea,0,0,5000,head_tail
seg_004093,JS21998.hea,0,0,5000,head_tail
seg_004094,JS21999.hea,0,0,5000,head_tail
seg_004095,JS22000.hea,0,0,5000,head_tail
seg_004098,JS22003.hea,0,0,5000,head_tail
seg_004099,JS22004.hea,0,0,5000,head_tail
seg_004100,JS22005.hea,0,0,5000,head_tail
seg_004101,JS22006.hea,0,0,5000,head_tail
seg_004104,JS22009.hea,0,0,5000,head_tail
seg_004105,JS22010.hea,0,0,5000,head_tail
seg_004106,JS22011.hea,0,0,5000,head_tail
seg_004107,JS22012.hea,0,0,5000,head_tail
seg_004109,JS22014.hea,0,0,5000,head_tail
seg_004111,JS22016.hea,0,0,5000,head_tail
seg_004112,JS22017.hea,0,0,5000,head_tail
seg_004114,JS22019.hea,0,0,5000,head_tail
seg_004115,JS22020.hea,0,0,5000,head_tail
seg_004118,JS22023.hea,0,0,5000,head_tail
seg_004119,JS22024.hea,0,0,5000,head_tail
seg_004121,JS22026.hea,0,0,5000,head_tail
seg_004123,JS22028.hea,0,0,5000,head_tail
seg_004124,JS22029.hea,0,0,5000,head_tail
seg_004126,JS22031.hea,0,0,5000,head_tail
seg_004128,JS22033.hea,0,0,5000,head_tail
seg_004129,JS22034.hea,0,0,5000,head_tail
seg_004130,JS22035.hea,0,0,5000,head_tail
seg_004133,JS22038.hea,0,0,5000,head_tail
seg_004134,JS22039.hea,0,0,5000,head_tail
seg_004135,JS22040.hea,0,0,5000,head_tail
seg_004136,JS22041.hea,0,0,5000,head_tail
seg_004139,JS22044.hea,0,0,5000,head_tail
seg_004141,JS22046.hea,0,0,5000,head_tail
seg_004142,JS22047.hea,0,0,5000,head_tail
seg_004143,JS22048.hea,0,0,5000,head_tail
seg_004145,JS22139.hea,0,0,5000,head_tail
seg_004146,JS22190.hea,0,0,5000,head_tail
seg_004148,JS22192.hea,0,0,5000,head_tail
seg_004149,JS22193.hea,0,0,5000,head_tail
seg_004152,JS22196.hea,0,0,5000,head_tail
seg_004153,JS22197.hea,0,0,5000,head_tail
seg_004154,JS22198.hea,0,0,5000,head_tail
seg_004155,JS22215.hea,0,0,5000,head_tail
seg_004156,JS22238.hea,0,0,5000,head_tail
seg_004159,JS22303.hea,0,0,5000,head_tail
seg_004160,JS22304.hea,0,0,5000,head_tail
seg_004162,JS22306.hea,0,0,5000,head_tail
seg_004163,JS22307.hea,0,0,5000,head_tail
seg_004165,JS22309.hea,0,0,5000,head_tail
seg_004167,JS22311.hea,0,0,5000,head_tail
seg_004168,JS22312.hea,0,0,5000,head_tail
seg_004169,JS22313.hea,0,0,5000,head_tail
seg_004172,JS22457.hea,0,0,5000,head_tail
seg_004173,JS22458.hea,0,0,5000,head_tail
seg_004174,JS22459.hea,0,0,5000,head_tail
seg_004176,JS22477.hea,0,0,5000,head_tail
seg_004178,JS22489.hea,0,0,5000,head_tail
seg_004179,JS22738.hea,0,0,5000,head_tail
seg_004180,JS22739.hea,0,0,5000,head_tail
seg_004183,JS22752.hea,0,0,5000,head_tail
seg_004184,JS22753.hea,0,0,5000,head_tail
seg_004186,JS22755.hea,0,0,5000,head_tail
seg_004187,JS22756.hea,0,0,5000,head_tail
seg_004189,JS22758.hea,0,0,5000,head_tail
seg_004191,JS22760.hea,0,0,5000,head_tail
seg_004192,JS22761.hea,0,0,5000,head_tail
seg_004193,JS22762.hea,0,0,5000,head_tail
seg_004196,JS22765.hea,0,0,5000,head_tail
seg_004197,JS22766.hea,0,0,5000,head_tail
seg_004198,JS22767.hea,0,0,5000,head_tail
seg_004199,JS22768.hea,0,0,5000,head_tail
seg_004202,JS22771.hea,0,0,5000,head_tail
seg_004203,JS22772.hea,0,0,5000,head_tail
seg_004204,JS22773.hea,0,0,5000,head_tail
seg_004206,JS22775.hea,0,0,5000,head_tail
seg_004208,JS22777.hea,0,0,5000,head_tail
seg_004209,JS22778.hea,0,0,5000,head_tail
seg_004211,JS22780.hea,0,0,5000,head_tail
seg_004212,JS22781.hea,0,0,5000,head_tail
seg_004214,JS22783.hea,0,0,5000,head_tail
seg_004216,JS22785.hea,0,0,5000,head_tail
seg_004217,JS22786.hea,0,0,5000,head_tail
seg_004218,JS22787.hea,0,0,5000,head_tail
seg_004220,JS22789.hea,0,0,5000,head_tail
seg_004221,JS22790.hea,0,0,5000,head_tail
seg_004223,JS22792.hea,0,0,5000,head_tail
seg_004224,JS22793.hea,0,0,5000,head_tail
seg_004225,JS22794.hea,0,0,5000,head_tail
seg_004228,JS22797.hea,0,0,5000,head_tail
seg_004229,JS22798.hea,0,0,5000,head_tail
seg_004230,JS22799.hea,0,0,5000,head_tail
seg_004231,JS22800.hea,0,0,5000,head_tail
seg_004233,JS22802.hea,0,0,5000,head_tail
seg_004235,JS22804.hea,0,0,5000,head_tail
seg_004236,JS22805.hea,0,0,5000,head_tail
seg_004238,JS22807.hea,0,0,5000,head_tail
seg_004240,JS22809.hea,0,0,5000,head_tail
seg_004241,JS22810.hea,0,0,5000,head_tail
seg_004242,JS22811.hea,0,0,5000,head_tail
seg_004243,JS22812.hea,0,0,5000,head_tail
seg_004247,JS22922.hea,0,0,5000,head_tail
seg_004248,JS22923.hea,0,0,5000,head_tail
seg_004249,JS22925.hea,0,0,5000,head_tail
seg_004252,JS22977.hea,0,0,5000,head_tail
seg_004253,JS22980.hea,0,0,5000,head_tail
seg_004254,JS22981.hea,0,0,5000,head_tail
seg_004256,JS22983.hea,0,0,5000,head_tail
seg_004258,JS22985.hea,0,0,5000,head_tail
seg_004259,JS22986.hea,0,0,5000,head_tail
seg_004261,JS22988.hea,0,0,5000,head_tail
seg_004262,JS22989.hea,0,0,5000,head_tail
seg_004264,JS22991.hea,0,0,5000,head_tail
seg_004265,JS22998.hea,0,0,5000,head_tail
seg_004266,JS23003.hea,0,0,5000,head_tail
seg_004268,JS23035.hea,0,0,5000,head_tail
seg_004271,JS23038.hea,0,0,5000,head_tail
seg_004272,JS23039.hea,0,0,5000,head_tail
seg_004273,JS23040.hea,0,0,5000,head_tail
seg_004274,JS23041.hea,0,0,5000,head_tail
seg_004276,JS23043.hea,0,0,5000,head_tail
seg_004278,JS23290.hea,0,0,5000,head_tail
seg_004279,JS23291.hea,0,0,5000,head_tail
seg_004281,JS23616.hea,0,0,5000,head_tail
seg_004282,JS23617.hea,0,0,5000,head_tail
seg_004284,JS23619.hea,0,0,5000,head_tail
seg_004286,JS23621.hea,0,0,5000,head_tail
seg_004287,JS23622.hea,0,0,5000,head_tail
seg_004288,JS23623.hea,0,0,5000,head_tail
seg_004291,JS23626.hea,0,0,5000,head_tail
seg_004292,JS23627.hea,0,0,5000,head_tail
seg_004293,JS23628.hea,0,0,5000,head_tail
seg_004294,JS23629.hea,0,0,5000,head_tail
seg_004296,JS23631.hea,0,0,5000,head_tail
seg_004298,JS23633.hea,0,0,5000,head_tail
seg_004299,JS23634.hea,0,0,5000,head_tail
seg_004301,JS23636.hea,0,0,5000,head_tail
seg_004302,JS23637.hea,0,0,5000,head_tail
seg_004304,JS23639.hea,0,0,5000,head_tail
seg_004305,JS23640.hea,0,0,5000,head_tail
seg_004308,JS23643.hea,0,0,5000,head_tail
seg_004309,JS23644.hea,0,0,5000,head_tail
seg_004311,JS23646.hea,0,0,5000,head_tail
seg_004312,JS23647.hea,0,0,5000,head_tail
seg_004313,JS23648.hea,0,0,5000,head_tail
seg_004316,JS23651.hea,0,0,5000,head_tail
seg_004317,JS23652.hea,0,0,5000,head_tail
seg_004318,JS23653.hea,0,0,5000,head_tail
seg_004319,JS23654.hea,0,0,5000,head_tail
seg_004321,JS23656.hea,0,0,5000,head_tail
seg_004323,JS23658.hea,0,0,5000,head_tail
seg_004324,JS23659.hea,0,0,5000,head_tail
seg_004325,JS23660.hea,0,0,5000,head_tail
seg_004327,JS23851.hea,0,0,5000,head_tail
seg_004329,JS23853.hea,0,0,5000,head_tail
seg_004330,JS23854.hea,0,0,5000,head_tail
seg_004332,JS23856.hea,0,0,5000,head_tail
seg_004333,JS23948.hea,0,0,5000,head_tail
seg_004335,JS23962.hea,0,0,5000,head_tail
seg_004336,JS23963.hea,0,0,5000,head_tail
seg_004337,JS23964.hea,0,0,5000,head_tail
seg_004339,JS23966.hea,0,0,5000,head_tail
seg_004342,JS23969.hea,0,0,5000,head_tail
seg_004343,JS23970.hea,0,0,5000,head_tail
seg_004344,JS23971.hea,0,0,5000,head_tail
seg_004345,JS23972.hea,0,0,5000,head_tail
seg_004347,JS23974.hea,0,0,5000,head_tail
seg_004349,JS23976.hea,0,0,5000,head_tail
seg_004351,JS23978.hea,0,0,5000,head_tail
seg_004353,JS24220.hea,0,0,5000,head_tail
seg_004354,JS24880.hea,0,0,5000,head_tail
seg_004356,JS24882.hea,0,0,5000,head_tail
seg_004358,JS34598.hea,0,0,5000,head_tail
seg_004359,JS34599.hea,0,0,5000,head_tail
seg_004360,JS34600.hea,0,0,5000,head_tail
seg_004362,JS34602.hea,0,0,5000,head_tail
seg_004364,JS34604.hea,0,0,5000,head_tail
seg_004365,JS34605.hea,0,0,5000,head_tail
seg_004367,JS34607.hea,0,0,5000,head_tail
seg_004368,JS34608.hea,0,0,5000,head_tail
seg_004370,JS34610.hea,0,0,5000,head_tail
seg_004372,JS34612.hea,0,0,5000,head_tail
seg_004373,JS34613.hea,0,0,5000,head_tail
seg_004374,JS34614.hea,0,0,5000,head_tail
seg_004377,JS34617.hea,0,0,5000,head_tail
seg_004378,JS34618.hea,0,0,5000,head_tail
seg_004379,JS34619.hea,0,0,5000,head_tail
seg_004380,JS34620.hea,0,0,5000,head_tail
seg_004383,JS34623.hea,0,0,5000,head_tail
seg_004384,JS34624.hea,0,0,5000,head_tail
seg_004385,JS34625.hea,0,0,5000,head_tail
seg_004387,JS34627.hea,0,0,5000,head_tail
seg_004389,JS34629.hea,0,0,5000,head_tail
seg_004390,JS34630.hea,0,0,5000,head_tail
seg_004391,JS34631.hea,0,0,5000,head_tail
seg_004393,JS34633.hea,0,0,5000,head_tail
seg_004395,JS34635.hea,0,0,5000,head_tail
seg_004397,JS34637.hea,0,0,5000,head_tail
seg_004398,JS34638.hea,0,0,5000,head_tail
seg_004399,JS34639.hea,0,0,5000,head_tail
seg_004402,JS34642.hea,0,0,5000,head_tail
seg_004403,JS34643.hea,0,0,5000,head_tail
seg_004404,JS34644.hea,0,0,5000,head_tail
seg_004405,JS34645.hea,0,0,5000,head_tail
seg_004406,JS34646.hea,0,0,5000,head_tail
seg_004409,JS34649.hea,0,0,5000,head_tail
seg_004411,JS34651.hea,0,0,5000,head_tail
seg_004412,JS34652.hea,0,0,5000,head_tail
seg_004414,JS34654.hea,0,0,5000,head_tail
seg_004416,JS34656.hea,0,0,5000,head_tail
seg_004417,JS34657.hea,0,0,5000,head_tail
seg_004418,JS34658.hea,0,0,5000,head_tail
seg_004420,JS34660.hea,0,0,5000,head_tail
seg_004422,JS34662.hea,0,0,5000,head_tail
seg_004423,JS34663.hea,0,0,5000,head_tail
seg_004424,JS34664.hea,0,0,5000,head_tail
seg_004425,JS34665.hea,0,0,5000,head_tail
seg_004428,JS34668.hea,0,0,5000,head_tail
seg_004429,JS34669.hea,0,0,5000,head_tail
seg_004430,JS34670.hea,0,0,5000,head_tail
seg_004433,JS34673.hea,0,0,5000,head_tail
seg_004434,JS34674.hea,0,0,5000,head_tail
seg_004436,JS34676.hea,0,0,5000,head_tail
seg_004437,JS34677.hea,0,0,5000,head_tail
seg_004438,JS34678.hea,0,0,5000,head_tail
seg_004441,JS34681.hea,0,0,5000,head_tail
seg_004442,JS34682.hea,0,0,5000,head_tail
seg_004443,JS34683.hea,0,0,5000,head_tail
seg_004445,JS34685.hea,0,0,5000,head_tail
seg_004446,JS34686.hea,0,0,5000,head_tail
seg_004448,JS34688.hea,0,0,5000,head_tail
seg_004449,JS34689.hea,0,0,5000,head_tail
seg_004450,JS34690.hea,0,0,5000,head_tail
seg_004453,JS34693.hea,0,0,5000,head_tail
seg_004454,JS34694.hea,0,0,5000,head_tail
seg_004456,JS34696.hea,0,0,5000,head_tail
seg_004458,JS34698.hea,0,0,5000,head_tail
seg_004459,JS34699.hea,0,0,5000,head_tail
seg_004461,JS34701.hea,0,0,5000,head_tail
seg_004462,JS34702.hea,0,0,5000,head_tail
seg_004463,JS34703.hea,0,0,5000,head_tail
seg_004465,JS34705.hea,0,0,5000,head_tail
seg_004467,JS34707.hea,0,0,5000,head_tail
seg_004468,JS34708.hea,0,0,5000,head_tail
seg_004469,JS34709.hea,0,0,5000,head_tail
seg_004471,JS34711.hea,0,0,5000,head_tail
seg_004472,JS34712.hea,0,0,5000,head_tail
seg_004474,JS34714.hea,0,0,5000,head_tail
seg_004475,JS34715.hea,0,0,5000,head_tail
seg_004478,JS34718.hea,0,0,5000,head_tail
seg_004479,JS34719.hea,0,0,5000,head_tail
seg_004481,JS34721.hea,0,0,5000,head_tail
seg_004482,JS34722.hea,0,0,5000,head_tail
seg_004484,JS34724.hea,0,0,5000,head_tail
seg_004485,JS34725.hea,0,0,5000,head_tail
seg_004487,JS34727.hea,0,0,5000,head_tail
seg_004488,JS34728.hea,0,0,5000,head_tail
seg_004489,JS34729.hea,0,0,5000,head_tail
seg_004491,JS34731.hea,0,0,5000,head_tail
seg_004492,JS34732.hea,0,0,5000,head_tail
seg_004495,JS34735.hea,0,0,5000,head_tail
seg_004497,JS34737.hea,0,0,5000,head_tail
seg_004498,JS34738.hea,0,0,5000,head_tail
seg_004499,JS34739.hea,0,0,5000,head_tail
seg_004500,JS34740.hea,0,0,5000,head_tail
seg_004502,JS34742.hea,0,0,5000,head_tail
seg_004504,JS34744.hea,0,0,5000,head_tail
seg_004505,JS34745.hea,0,0,5000,head_tail
seg_004506,JS34746.hea,0,0,5000,head_tail
seg_004509,JS34749.hea,0,0,5000,head_tail
seg_004510,JS34750.hea,0,0,5000,head_tail
seg_004512,JS34752.hea,0,0,5000,head_tail
seg_004513,JS34753.hea,0,0,5000,head_tail
seg_004515,JS34755.hea,0,0,5000,head_tail
seg_004517,JS34757.hea,0,0,5000,head_tail
seg_004518,JS34758.hea,0,0,5000,head_tail
seg_004521,JS34761.hea,0,0,5000,head_tail
seg_004522,JS34762.hea,0,0,5000,head_tail
seg_004523,JS34763.hea,0,0,5000,head_tail
seg_004524,JS34764.hea,0,0,5000,head_tail
seg_004527,JS34767.hea,0,0,5000,head_tail
seg_004528,JS34768.hea,0,0,5000,head_tail
seg_004529,JS34769.hea,0,0,5000,head_tail
seg_004531,JS34771.hea,0,0,5000,head_tail
seg_004533,JS34773.hea,0,0,5000,head_tail
seg_004534,JS34774.hea,0,0,5000,head_tail
seg_004536,JS34779.hea,0,0,5000,head_tail
seg_004537,JS34780.hea,0,0,5000,head_tail
seg_004539,JS36115.hea,0,0,5000,head_tail
seg_004541,JS36117.hea,0,0,5000,head_tail
seg_004542,JS36118.hea,0,0,5000,head_tail
seg_004543,JS36119.hea,0,0,5000,head_tail
seg_004546,JS36122.hea,0,0,5000,head_tail
seg_004547,JS36123.hea,0,0,5000,head_tail
seg_004548,JS36124.hea,0,0,5000,head_tail
seg_004549,JS36125.hea,0,0,5000,head_tail
seg_004552,JS36128.hea,0,0,5000,head_tail
seg_004553,JS36129.hea,0,0,5000,head_tail
seg_004554,JS36130.hea,0,0,5000,head_tail
seg_004556,JS36132.hea,0,0,5000,head_tail
seg_004558,JS36134.hea,0,0,5000,head_tail
seg_004559,JS36135.hea,0,0,5000,head_tail
seg_004561,JS36137.hea,0,0,5000,head_tail
seg_004562,JS36138.hea,0,0,5000,head_tail
seg_004564,JS36140.hea,0,0,5000,head_tail
seg_004566,JS36142.hea,0,0,5000,head_tail
seg_004567,JS36143.hea,0,0,5000,head_tail
seg_004568,JS36144.hea,0,0,5000,head_tail
seg_004571,JS36147.hea,0,0,5000,head_tail
seg_004572,JS36148.hea,0,0,5000,head_tail
seg_004573,JS36149.hea,0,0,5000,head_tail
seg_004574,JS36150.hea,0,0,5000,head_tail
seg_004577,JS36153.hea,0,0,5000,head_tail
seg_004578,JS36154.hea,0,0,5000,head_tail
seg_004579,JS36155.hea,0,0,5000,head_tail
seg_004581,JS36157.hea,0,0,5000,head_tail
seg_004583,JS36159.hea,0,0,5000,head_tail
seg_004584,JS36160.hea,0,0,5000,head_tail
seg_004585,JS36161.hea,0,0,5000,head_tail
seg_004586,JS36162.hea,0,0,5000,head_tail
seg_004588,JS36164.hea,0,0,5000,head_tail
seg_004590,JS36166.hea,0,0,5000,head_tail
seg_004591,JS36167.hea,0,0,5000,head_tail
seg_004593,JS36169.hea,0,0,5000,head_tail
seg_004594,JS36170.hea,0,0,5000,head_tail
seg_004596,JS36172.hea,0,0,5000,head_tail
seg_004598,JS36174.hea,0,0,5000,head_tail
seg_004599,JS36175.hea,0,0,5000,head_tail
seg_004602,JS36178.hea,0,0,5000,head_tail
seg_004603,JS36179.hea,0,0,5000,head_tail
seg_004604,JS36180.hea,0,0,5000,head_tail
seg_004606,JS36182.hea,0,0,5000,head_tail
seg_004607,JS36183.hea,0,0,5000,head_tail
seg_004609,JS36185.hea,0,0,5000,head_tail
seg_004611,JS36187.hea,0,0,5000,head_tail
seg_004612,JS36188.hea,0,0,5000,head_tail
seg_004614,JS36190.hea,0,0,5000,head_tail
seg_004616,JS36192.hea,0,0,5000,head_tail
seg_004617,JS36193.hea,0,0,5000,head_tail
seg_004618,JS36194.hea,0,0,5000,head_tail
seg_004619,JS36195.hea,0,0,5000,head_tail
seg_004622,JS36198.hea,0,0,5000,head_tail
seg_004623,JS36199.hea,0,0,5000,head_tail
seg_004624,JS36200.hea,0,0,5000,head_tail
seg_004627,JS36203.hea,0,0,5000,head_tail
seg_004628,JS36204.hea,0,0,5000,head_tail
seg_004629,JS36205.hea,0,0,5000,head_tail
seg_004631,JS36207.hea,0,0,5000,head_tail
seg_004633,JS36209.hea,0,0,5000,head_tail
seg_004634,JS36210.hea,0,0,5000,head_tail
seg_004635,JS36211.hea,0,0,5000,head_tail
seg_004637,JS36213.hea,0,0,5000,head_tail
seg_004639,JS36215.hea,0,0,5000,head_tail
seg_004641,JS36217.hea,0,0,5000,head_tail
seg_004642,JS36218.hea,0,0,5000,head_tail
seg_004643,JS36219.hea,0,0,5000,head_tail
seg_004644,JS36220.hea,0,0,5000,head_tail
seg_004647,JS36223.hea,0,0,5000,head_tail
seg_004648,JS36224.hea,0,0,5000,head_tail
seg_004649,JS36225.hea,0,0,5000,head_tail
seg_004652,JS36228.hea,0,0,5000,head_tail
seg_004653,JS36229.hea,0,0,5000,head_tail
seg_004654,JS36230.hea,0,0,5000,head_tail
seg_004656,JS36232.hea,0,0,5000,head_tail
seg_004658,JS36234.hea,0,0,5000,head_tail
seg_004659,JS36235.hea,0,0,5000,head_tail
seg_004661,JS36237.hea,0,0,5000,head_tail
seg_004662,JS36238.hea,0,0,5000,head_tail
seg_004664,JS36240.hea,0,0,5000,head_tail
seg_004665,JS36241.hea,0,0,5000,head_tail
seg_004667,JS36243.hea,0,0,5000,head_tail
seg_004668,JS36244.hea,0,0,5000,head_tail
seg_004671,JS36247.hea,0,0,5000,head_tail
seg_004672,JS36248.hea,0,0,5000,head_tail
seg_004673,JS36249.hea,0,0,5000,head_tail
seg_004674,JS36250.hea,0,0,5000,head_tail
seg_004677,JS36253.hea,0,0,5000,head_tail
seg_004678,JS36254.hea,0,0,5000,head_tail
seg_004679,JS36255.hea,0,0,5000,head_tail
seg_004680,JS36256.hea,0,0,5000,head_tail
seg_004683,JS36259.hea,0,0,5000,head_tail
seg_004684,JS36260.hea,0,0,5000,head_tail
seg_004685,JS36261.hea,0,0,5000,head_tail
seg_004687,JS36263.hea,0,0,5000,head_tail
seg_004689,JS36265.hea,0,0,5000,head_tail
seg_004690,JS36266.hea,0,0,5000,head_tail
seg_004692,JS36268.hea,0,0,5000,head_tail
seg_004693,JS36269.hea,0,0,5000,head_tail
seg_004695,JS36271.hea,0,0,5000,head_tail
seg_004696,JS36272.hea,0,0,5000,head_tail
seg_004698,JS36274.hea,0,0,5000,head_tail
seg_004699,JS36275.hea,0,0,5000,head_tail
seg_004702,JS36278.hea,0,0,5000,head_tail
seg_004703,JS36279.hea,0,0,5000,head_tail
seg_004704,JS36280.hea,0,0,5000,head_tail
seg_004705,JS36281.hea,0,0,5000,head_tail
seg_004707,JS36283.hea,0,0,5000,head_tail
seg_004708,JS36284.hea,0,0,5000,head_tail
seg_004709,JS36285.hea,0,0,5000,head_tail
seg_004712,JS36288.hea,0,0,5000,head_tail
seg_004714,JS36290.hea,0,0,5000,head_tail
seg_004716,JS36292.hea,0,0,5000,head_tail
seg_004717,JS36293.hea,0,0,5000,head_tail
seg_004718,JS36294.hea,0,0,5000,head_tail
seg_004719,JS36295.hea,0,0,5000,head_tail
seg_004721,JS36297.hea,0,0,5000,head_tail
seg_004723,JS36299.hea,0,0,5000,head_tail
seg_004724,JS36300.hea,0,0,5000,head_tail
seg_004725,JS36301.hea,0,0,5000,head_tail
seg_004727,JS36303.hea,0,0,5000,head_tail
seg_004729,JS36305.hea,0,0,5000,head_tail
seg_004730,JS36306.hea,0,0,5000,head_tail
seg_004732,JS36308.hea,0,0,5000,head_tail
seg_004734,JS36310.hea,0,0,5000,head_tail
seg_004735,JS36311.hea,0,0,5000,head_tail
seg_004736,JS36312.hea,0,0,5000,head_tail
seg_004739,JS36315.hea,0,0,5000,head_tail
seg_004741,JS36317.hea,0,0,5000,head_tail
seg_004742,JS36318.hea,0,0,5000,head_tail
seg_004743,JS36319.hea,0,0,5000,head_tail
seg_004745,JS36321.hea,0,0,5000,head_tail
seg_004747,JS36323.hea,0,0,5000,head_tail
seg_004748,JS36324.hea,0,0,5000,head_tail
seg_004749,JS36325.hea,0,0,5000,head_tail
seg_004752,JS36328.hea,0,0,5000,head_tail
seg_004753,JS36329.hea,0,0,5000,head_tail
seg_004754,JS36330.hea,0,0,5000,head_tail
seg_004755,JS36331.hea,0,0,5000,head_tail
seg_004758,JS36334.hea,0,0,5000,head_tail
seg_004759,JS36335.hea,0,0,5000,head_tail
seg_004761,JS36337.hea,0,0,5000,head_tail
seg_004762,JS36338.hea,0,0,5000,head_tail
seg_004764,JS36340.hea,0,0,5000,head_tail
seg_004765,JS36341.hea,0,0,5000,head_tail
seg_004767,JS36343.hea,0,0,5000,head_tail
seg_004768,JS36344.hea,0,0,5000,head_tail
seg_004770,JS36346.hea,0,0,5000,head_tail
seg_004772,JS36348.hea,0,0,5000,head_tail
seg_004773,JS36349.hea,0,0,5000,head_tail
seg_004774,JS36350.hea,0,0,5000,head_tail
seg_004775,JS36351.hea,0,0,5000,head_tail
seg_004777,JS36353.hea,0,0,5000,head_tail
seg_004779,JS36355.hea,0,0,5000,head_tail
seg_004780,JS36356.hea,0,0,5000,head_tail
seg_004781,JS36357.hea,0,0,5000,head_tail
seg_004783,JS36359.hea,0,0,5000,head_tail
seg_004786,JS36362.hea,0,0,5000,head_tail
seg_004787,JS36363.hea,0,0,5000,head_tail
seg_004788,JS36364.hea,0,0,5000,head_tail
seg_004789,JS36365.hea,0,0,5000,head_tail
seg_004792,JS36368.hea,0,0,5000,head_tail
seg_004793,JS36369.hea,0,0,5000,head_tail
seg_004794,JS36370.hea,0,0,5000,head_tail
seg_004796,JS36372.hea,0,0,5000,head_tail
seg_004798,JS36374.hea,0,0,5000,head_tail
seg_004799,JS36375.hea,0,0,5000,head_tail
seg_004801,JS36377.hea,0,0,5000,head_tail
seg_004802,JS36378.hea,0,0,5000,head_tail
seg_004804,JS36380.hea,0,0,5000,head_tail
seg_004806,JS36382.hea,0,0,5000,head_tail
seg_004808,JS36384.hea,0,0,5000,head_tail
seg_004809,JS36385.hea,0,0,5000,head_tail
seg_004811,JS36387.hea,0,0,5000,head_tail
seg_004812,JS36388.hea,0,0,5000,head_tail
seg_004814,JS36390.hea,0,0,5000,head_tail
seg_004816,JS36392.hea,0,0,5000,head_tail
seg_004817,JS36393.hea,0,0,5000,head_tail
seg_004818,JS36394.hea,0,0,5000,head_tail
seg_004819,JS36395.hea,0,0,5000,head_tail
seg_004822,JS36398.hea,0,0,5000,head_tail
seg_004823,JS36399.hea,0,0,5000,head_tail
seg_004824,JS36400.hea,0,0,5000,head_tail
seg_004825,JS36401.hea,0,0,5000,head_tail
seg_004827,JS36403.hea,0,0,5000,head_tail
seg_004829,JS36405.hea,0,0,5000,head_tail
seg_004831,JS36407.hea,0,0,5000,head_tail
seg_004833,JS36409.hea,0,0,5000,head_tail
seg_004834,JS36410.hea,0,0,5000,head_tail
seg_004835,JS36411.hea,0,0,5000,head_tail
seg_004837,JS36413.hea,0,0,5000,head_tail
seg_004839,JS36415.hea,0,0,5000,head_tail
seg_004840,JS36416.hea,0,0,5000,head_tail
seg_004842,JS36418.hea,0,0,5000,head_tail
seg_004843,JS36419.hea,0,0,5000,head_tail
seg_004845,JS36421.hea,0,0,5000,head_tail
seg_004846,JS36422.hea,0,0,5000,head_tail
seg_004848,JS36424.hea,0,0,5000,head_tail
seg_004849,JS36425.hea,0,0,5000,head_tail
seg_004852,JS36428.hea,0,0,5000,head_tail
seg_004853,JS36429.hea,0,0,5000,head_tail
seg_004854,JS36430.hea,0,0,5000,head_tail
seg_004856,JS36432.hea,0,0,5000,head_tail
seg_004857,JS36433.hea,0,0,5000,head_tail
seg_004859,JS36435.hea,0,0,5000,head_tail
seg_004860,JS36436.hea,0,0,5000,head_tail
seg_004862,JS36438.hea,0,0,5000,head_tail
seg_004863,JS36439.hea,0,0,5000,head_tail
seg_004865,JS36441.hea,0,0,5000,head_tail
seg_004866,JS36442.hea,0,0,5000,head_tail
seg_004868,JS36444.hea,0,0,5000,head_tail
seg_004869,JS36445.hea,0,0,5000,head_tail
seg_004871,JS36447.hea,0,0,5000,head_tail
seg_004873,JS36449.hea,0,0,5000,head_tail
seg_004874,JS36450.hea,0,0,5000,head_tail
seg_004877,JS36453.hea,0,0,5000,head_tail
seg_004878,JS36454.hea,0,0,5000,head_tail
seg_004879,JS36455.hea,0,0,5000,head_tail
seg_004880,JS36456.hea,0,0,5000,head_tail
seg_004883,JS36459.hea,0,0,5000,head_tail
seg_004884,JS36460.hea,0,0,5000,head_tail
seg_004885,JS36461.hea,0,0,5000,head_tail
seg_004886,JS36462.hea,0,0,5000,head_tail
seg_004887,JS36463.hea,0,0,5000,head_tail
seg_004889,JS36465.hea,0,0,5000,head_tail
seg_004891,JS36467.hea,0,0,5000,head_tail
seg_004892,JS36468.hea,0,0,5000,head_tail
seg_004894,JS36470.hea,0,0,5000,head_tail
seg_004895,JS36471.hea,0,0,5000,head_tail
seg_004897,JS36473.hea,0,0,5000,head_tail
seg_004899,JS36475.hea,0,0,5000,head_tail
seg_004900,JS36476.hea,0,0,5000,head_tail
seg_004902,JS36478.hea,0,0,5000,head_tail
seg_004904,JS36480.hea,0,0,5000,head_tail
seg_004905,JS36481.hea,0,0,5000,head_tail
seg_004908,JS36484.hea,0,0,5000,head_tail
seg_004909,JS36485.hea,0,0,5000,head_tail
seg_004910,JS36486.hea,0,0,5000,head_tail
seg_004912,JS36488.hea,0,0,5000,head_tail
seg_004913,JS36489.hea,0,0,5000,head_tail
seg_004915,JS36491.hea,0,0,5000,head_tail
seg_004917,JS36493.hea,0,0,5000,head_tail
seg_004918,JS36494.hea,0,0,5000,head_tail
seg_004919,JS36495.hea,0,0,5000,head_tail
seg_004921,JS36497.hea,0,0,5000,head_tail
seg_004922,JS36498.hea,0,0,5000,head_tail
seg_004924,JS36500.hea,0,0,5000,head_tail
seg_004927,JS36503.hea,0,0,5000,head_tail
seg_004928,JS36504.hea,0,0,5000,head_tail
seg_004929,JS36505.hea,0,0,5000,head_tail
seg_004930,JS36506.hea,0,0,5000,head_tail
seg_004933,JS36509.hea,0,0,5000,head_tail
seg_004934,JS36510.hea,0,0,5000,head_tail
seg_004935,JS36511.hea,0,0,5000,head_tail
seg_004937,JS36513.hea,0,0,5000,head_tail
seg_004938,JS36514.hea,0,0,5000,head_tail
seg_004940,JS36516.hea,0,0,5000,head_tail
seg_004942,JS36518.hea,0,0,5000,head_tail
seg_004943,JS36519.hea,0,0,5000,head_tail
seg_004946,JS36522.hea,0,0,5000,head_tail
seg_004947,JS36523.hea,0,0,5000,head_tail
seg_004948,JS36524.hea,0,0,5000,head_tail
seg_004949,JS36525.hea,0,0,5000,head_tail
seg_004952,JS36528.hea,0,0,5000,head_tail
seg_004953,JS36529.hea,0,0,5000,head_tail
seg_004954,JS36530.hea,0,0,5000,head_tail
seg_004956,JS36532.hea,0,0,5000,head_tail
seg_004958,JS36534.hea,0,0,5000,head_tail
seg_004959,JS36535.hea,0,0,5000,head_tail
seg_004960,JS36536.hea,0,0,5000,head_tail
seg_004962,JS36538.hea,0,0,5000,head_tail
seg_004964,JS36540.hea,0,0,5000,head_tail
seg_004966,JS36542.hea,0,0,5000,head_tail
seg_004967,JS36543.hea,0,0,5000,head_tail
seg_004968,JS36544.hea,0,0,5000,head_tail
seg_004970,JS36546.hea,0,0,5000,head_tail
seg_004972,JS36548.hea,0,0,5000,head_tail
seg_004973,JS36549.hea,0,0,5000,head_tail
seg_004974,JS36550.hea,0,0,5000,head_tail
seg_004977,JS36553.hea,0,0,5000,head_tail
seg_004978,JS36554.hea,0,0,5000,head_tail
seg_004979,JS36555.hea,0,0,5000,head_tail
seg_004981,JS36557.hea,0,0,5000,head_tail
seg_004983,JS36559.hea,0,0,5000,head_tail
seg_004984,JS36560.hea,0,0,5000,head_tail
seg_004986,JS36562.hea,0,0,5000,head_tail
seg_004987,JS36563.hea,0,0,5000,head_tail
seg_004989,JS36565.hea,0,0,5000,head_tail
seg_004991,JS36567.hea,0,0,5000,head_tail
seg_004992,JS36568.hea,0,0,5000,head_tail
seg_004993,JS36569.hea,0,0,5000,head_tail
seg_004994,JS36570.hea,0,0,5000,head_tail
seg_004997,JS36573.hea,0,0,5000,head_tail
seg_004998,JS36574.hea,0,0,5000,head_tail
seg_004999,JS36575.hea,0,0,5000,head_tail
seg_005002,JS36578.hea,0,0,5000,head_tail
seg_005003,JS36579.hea,0,0,5000,head_tail
seg_005004,JS36580.hea,0,0,5000,head_tail
seg_005005,JS36581.hea,0,0,5000,head_tail
seg_005008,JS36584.hea,0,0,5000,head_tail
seg_005009,JS36585.hea,0,0,5000,head_tail
seg_005010,JS36586.hea,0,0,5000,head_tail
seg_005012,JS36588.hea,0,0,5000,head_tail
seg_005014,JS36590.hea,0,0,5000,head_tail
seg_005015,JS36591.hea,0,0,5000,head_tail
seg_005017,JS36593.hea,0,0,5000,head_tail
seg_005018,JS36594.hea,0,0,5000,head_tail
seg_005019,JS36595.hea,0,0,5000,head_tail
seg_005022,JS36598.hea,0,0,5000,head_tail
seg_005023,JS36599.hea,0,0,5000,head_tail
seg_005024,JS36600.hea,0,0,5000,head_tail
seg_005026,JS36602.hea,0,0,5000,head_tail
seg_005028,JS36604.hea,0,0,5000,head_tail
seg_005029,JS36605.hea,0,0,5000,head_tail
seg_005030,JS36606.hea,0,0,5000,head_tail
seg_005031,JS36607.hea,0,0,5000,head_tail
seg_005032,JS36608.hea,0,0,5000,head_tail
seg_005036,JS36612.hea,0,0,5000,head_tail
seg_005037,JS36613.hea,0,0,5000,head_tail
seg_005038,JS36614.hea,0,0,5000,head_tail
seg_005039,JS36615.hea,0,0,5000,head_tail
seg_005040,JS36616.hea,0,0,5000,head_tail
seg_005043,JS36619.hea,0,0,5000,head_tail
seg_005044,JS36620.hea,0,0,5000,head_tail
seg_005046,JS36622.hea,0,0,5000,head_tail
seg_005048,JS36624.hea,0,0,5000,head_tail
seg_005049,JS36625.hea,0,0,5000,head_tail
seg_005052,JS36628.hea,0,0,5000,head_tail
seg_005053,JS36629.hea,0,0,5000,head_tail
seg_005054,JS36630.hea,0,0,5000,head_tail
seg_005056,JS36632.hea,0,0,5000,head_tail
seg_005058,JS36634.hea,0,0,5000,head_tail
seg_005059,JS36635.hea,0,0,5000,head_tail
seg_005061,JS36637.hea,0,0,5000,head_tail
seg_005062,JS36638.hea,0,0,5000,head_tail
seg_005063,JS36639.hea,0,0,5000,head_tail
seg_005065,JS36641.hea,0,0,5000,head_tail
seg_005067,JS36643.hea,0,0,5000,head_tail
seg_005068,JS36644.hea,0,0,5000,head_tail
seg_005070,JS36646.hea,0,0,5000,head_tail
seg_005072,JS36648.hea,0,0,5000,head_tail
seg_005073,JS36649.hea,0,0,5000,head_tail
seg_005074,JS36650.hea,0,0,5000,head_tail
seg_005076,JS36652.hea,0,0,5000,head_tail
seg_005077,JS36653.hea,0,0,5000,head_tail
seg_005079,JS36655.hea,0,0,5000,head_tail
seg_005080,JS36656.hea,0,0,5000,head_tail
seg_005083,JS36659.hea,0,0,5000,head_tail
seg_005084,JS36660.hea,0,0,5000,head_tail
seg_005086,JS36662.hea,0,0,5000,head_tail
seg_005087,JS36663.hea,0,0,5000,head_tail
seg_005088,JS36664.hea,0,0,5000,head_tail
seg_005090,JS36666.hea,0,0,5000,head_tail
seg_005092,JS36668.hea,0,0,5000,head_tail
seg_005093,JS36669.hea,0,0,5000,head_tail
seg_005094,JS36670.hea,0,0,5000,head_tail
seg_005097,JS36673.hea,0,0,5000,head_tail
seg_005098,JS36674.hea,0,0,5000,head_tail
seg_005099,JS36675.hea,0,0,5000,head_tail
seg_005100,JS36676.hea,0,0,5000,head_tail
seg_005102,JS36678.hea,0,0,5000,head_tail
seg_005104,JS36680.hea,0,0,5000,head_tail
seg_005105,JS36681.hea,0,0,5000,head_tail
seg_005107,JS36683.hea,0,0,5000,head_tail
seg_005109,JS36685.hea,0,0,5000,head_tail
seg_005110,JS36686.hea,0,0,5000,head_tail
seg_005112,JS36688.hea,0,0,5000,head_tail
seg_005114,JS36690.hea,0,0,5000,head_tail
seg_005115,JS36691.hea,0,0,5000,head_tail
seg_005117,JS36693.hea,0,0,5000,head_tail
seg_005118,JS36694.hea,0,0,5000,head_tail
seg_005120,JS36696.hea,0,0,5000,head_tail
seg_005122,JS36698.hea,0,0,5000,head_tail
seg_005123,JS36699.hea,0,0,5000,head_tail
seg_005124,JS36700.hea,0,0,5000,head_tail
seg_005127,JS36703.hea,0,0,5000,head_tail
seg_005128,JS36704.hea,0,0,5000,head_tail
seg_005129,JS36705.hea,0,0,5000,head_tail
seg_005130,JS36706.hea,0,0,5000,head_tail
seg_005131,JS36707.hea,0,0,5000,head_tail
seg_005134,JS36710.hea,0,0,5000,head_tail
seg_005135,JS36711.hea,0,0,5000,head_tail
seg_005136,JS36712.hea,0,0,5000,head_tail
seg_005139,JS36715.hea,0,0,5000,head_tail
seg_005140,JS36716.hea,0,0,5000,head_tail
seg_005141,JS36717.hea,0,0,5000,head_tail
seg_005143,JS36719.hea,0,0,5000,head_tail
seg_005145,JS36721.hea,0,0,5000,head_tail
seg_005146,JS36722.hea,0,0,5000,head_tail
seg_005148,JS36724.hea,0,0,5000,head_tail
seg_005149,JS36725.hea,0,0,5000,head_tail
seg_005151,JS36727.hea,0,0,5000,head_tail
seg_005153,JS36729.hea,0,0,5000,head_tail
seg_005154,JS36730.hea,0,0,5000,head_tail
seg_005155,JS36731.hea,0,0,5000,head_tail
seg_005158,JS36734.hea,0,0,5000,head_tail
seg_005159,JS36735.hea,0,0,5000,head_tail
seg_005160,JS36736.hea,0,0,5000,head_tail
seg_005161,JS36737.hea,0,0,5000,head_tail
seg_005163,JS36739.hea,0,0,5000,head_tail
seg_005165,JS36741.hea,0,0,5000,head_tail
seg_005167,JS36743.hea,0,0,5000,head_tail
seg_005168,JS36744.hea,0,0,5000,head_tail
seg_005171,JS36747.hea,0,0,5000,head_tail
seg_005172,JS36748.hea,0,0,5000,head_tail
seg_005173,JS36749.hea,0,0,5000,head_tail
seg_005174,JS36750.hea,0,0,5000,head_tail
seg_005177,JS36753.hea,0,0,5000,head_tail
seg_005178,JS36754.hea,0,0,5000,head_tail
seg_005179,JS36755.hea,0,0,5000,head_tail
seg_005180,JS36756.hea,0,0,5000,head_tail
seg_005182,JS36758.hea,0,0,5000,head_tail
seg_005184,JS36760.hea,0,0,5000,head_tail
seg_005185,JS36761.hea,0,0,5000,head_tail
seg_005186,JS36762.hea,0,0,5000,head_tail
seg_005188,JS36764.hea,0,0,5000,head_tail
seg_005190,JS36766.hea,0,0,5000,head_tail
seg_005191,JS36767.hea,0,0,5000,head_tail
seg_005193,JS36769.hea,0,0,5000,head_tail
seg_005195,JS36771.hea,0,0,5000,head_tail
seg_005196,JS36772.hea,0,0,5000,head_tail
seg_005197,JS36773.hea,0,0,5000,head_tail
seg_005198,JS36774.hea,0,0,5000,head_tail
seg_005202,JS36778.hea,0,0,5000,head_tail
seg_005203,JS36779.hea,0,0,5000,head_tail
seg_005204,JS36780.hea,0,0,5000,head_tail
seg_005205,JS36781.hea,0,0,5000,head_tail
seg_005208,JS36784.hea,0,0,5000,head_tail
seg_005209,JS36785.hea,0,0,5000,head_tail
seg_005211,JS36787.hea,0,0,5000,head_tail
seg_005212,JS36788.hea,0,0,5000,head_tail
seg_005214,JS36790.hea,0,0,5000,head_tail
seg_005215,JS36791.hea,0,0,5000,head_tail
seg_005217,JS36793.hea,0,0,5000,head_tail
seg_005218,JS36794.hea,0,0,5000,head_tail
seg_005221,JS36797.hea,0,0,5000,head_tail
seg_005222,JS36798.hea,0,0,5000,head_tail
seg_005223,JS36799.hea,0,0,5000,head_tail
seg_005224,JS36800.hea,0,0,5000,head_tail
seg_005227,JS36803.hea,0,0,5000,head_tail
seg_005228,JS36804.hea,0,0,5000,head_tail
seg_005229,JS36805.hea,0,0,5000,head_tail
seg_005230,JS36806.hea,0,0,5000,head_tail
seg_005233,JS36809.hea,0,0,5000,head_tail
seg_005234,JS36810.hea,0,0,5000,head_tail
seg_005236,JS36812.hea,0,0,5000,head_tail
seg_005237,JS36813.hea,0,0,5000,head_tail
seg_005239,JS36815.hea,0,0,5000,head_tail
seg_005241,JS36817.hea,0,0,5000,head_tail
seg_005242,JS36818.hea,0,0,5000,head_tail
seg_005243,JS36819.hea,0,0,5000,head_tail
seg_005246,JS36822.hea,0,0,5000,head_tail
seg_005247,JS36823.hea,0,0,5000,head_tail
seg_005248,JS36824.hea,0,0,5000,head_tail
seg_005249,JS36825.hea,0,0,5000,head_tail
seg_005252,JS36828.hea,0,0,5000,head_tail
seg_005253,JS36829.hea,0,0,5000,head_tail
seg_005254,JS36830.hea,0,0,5000,head_tail
seg_005256,JS36832.hea,0,0,5000,head_tail
seg_005257,JS36833.hea,0,0,5000,head_tail
seg_005258,JS36834.hea,0,0,5000,head_tail
seg_005261,JS36837.hea,0,0,5000,head_tail
seg_005262,JS36838.hea,0,0,5000,head_tail
seg_005263,JS36839.hea,0,0,5000,head_tail
seg_005264,JS36840.hea,0,0,5000,head_tail
seg_005267,JS36843.hea,0,0,5000,head_tail
seg_005268,JS36844.hea,0,0,5000,head_tail
seg_005269,JS36845.hea,0,0,5000,head_tail
seg_005271,JS36847.hea,0,0,5000,head_tail
seg_005273,JS36849.hea,0,0,5000,head_tail
seg_005274,JS36850.hea,0,0,5000,head_tail
seg_005276,JS36852.hea,0,0,5000,head_tail
seg_005277,JS36853.hea,0,0,5000,head_tail
seg_005278,JS36854.hea,0,0,5000,head_tail
seg_005280,JS36856.hea,0,0,5000,head_tail
seg_005282,JS36858.hea,0,0,5000,head_tail
seg_005284,JS36860.hea,0,0,5000,head_tail
seg_005285,JS36861.hea,0,0,5000,head_tail
seg_005287,JS36863.hea,0,0,5000,head_tail
seg_005289,JS36865.hea,0,0,5000,head_tail
seg_005291,JS36867.hea,0,0,5000,head_tail
seg_005292,JS36868.hea,0,0,5000,head_tail
seg_005293,JS36869.hea,0,0,5000,head_tail
seg_005296,JS36872.hea,0,0,5000,head_tail
seg_005297,JS36873.hea,0,0,5000,head_tail
seg_005298,JS36874.hea,0,0,5000,head_tail
seg_005299,JS36875.hea,0,0,5000,head_tail
seg_005301,JS36877.hea,0,0,5000,head_tail
seg_005303,JS36879.hea,0,0,5000,head_tail
seg_005304,JS36880.hea,0,0,5000,head_tail
seg_005305,JS36881.hea,0,0,5000,head_tail
seg_005308,JS36884.hea,0,0,5000,head_tail
seg_005309,JS36885.hea,0,0,5000,head_tail
seg_005311,JS36887.hea,0,0,5000,head_tail
seg_005312,JS36888.hea,0,0,5000,head_tail
seg_005313,JS36889.hea,0,0,5000,head_tail
seg_005315,JS36891.hea,0,0,5000,head_tail
seg_005317,JS36893.hea,0,0,5000,head_tail
seg_005318,JS36894.hea,0,0,5000,head_tail
seg_005319,JS36895.hea,0,0,5000,head_tail
seg_005322,JS36898.hea,0,0,5000,head_tail
seg_005323,JS36899.hea,0,0,5000,head_tail
seg_005324,JS36900.hea,0,0,5000,head_tail
seg_005326,JS36902.hea,0,0,5000,head_tail
seg_005327,JS36903.hea,0,0,5000,head_tail
seg_005329,JS36905.hea,0,0,5000,head_tail
seg_005330,JS36906.hea,0,0,5000,head_tail
seg_005332,JS36908.hea,0,0,5000,head_tail
seg_005334,JS36910.hea,0,0,5000,head_tail
seg_005335,JS36911.hea,0,0,5000,head_tail
seg_005336,JS36912.hea,0,0,5000,head_tail
seg_005339,JS36915.hea,0,0,5000,head_tail
seg_005340,JS36916.hea,0,0,5000,head_tail
seg_005342,JS36918.hea,0,0,5000,head_tail
seg_005343,JS36919.hea,0,0,5000,head_tail
seg_005346,JS36922.hea,0,0,5000,head_tail
seg_005347,JS36923.hea,0,0,5000,head_tail
seg_005348,JS36924.hea,0,0,5000,head_tail
seg_005349,JS36925.hea,0,0,5000,head_tail
seg_005352,JS36928.hea,0,0,5000,head_tail
seg_005353,JS36929.hea,0,0,5000,head_tail
seg_005354,JS36930.hea,0,0,5000,head_tail
seg_005355,JS36931.hea,0,0,5000,head_tail
seg_005357,JS36933.hea,0,0,5000,head_tail
seg_005359,JS36935.hea,0,0,5000,head_tail
seg_005360,JS36936.hea,0,0,5000,head_tail
seg_005362,JS36938.hea,0,0,5000,head_tail
seg_005363,JS36939.hea,0,0,5000,head_tail
seg_005366,JS36942.hea,0,0,5000,head_tail
seg_005367,JS36943.hea,0,0,5000,head_tail
seg_005368,JS36944.hea,0,0,5000,head_tail
seg_005369,JS36945.hea,0,0,5000,head_tail
seg_005372,JS36948.hea,0,0,5000,head_tail
seg_005373,JS36949.hea,0,0,5000,head_tail
seg_005374,JS36950.hea,0,0,5000,head_tail
seg_005376,JS36952.hea,0,0,5000,head_tail
seg_005377,JS36953.hea,0,0,5000,head_tail
seg_005379,JS36955.hea,0,0,5000,head_tail
seg_005381,JS36957.hea,0,0,5000,head_tail
seg_005382,JS36958.hea,0,0,5000,head_tail
seg_005383,JS36959.hea,0,0,5000,head_tail
seg_005385,JS36961.hea,0,0,5000,head_tail
seg_005387,JS36963.hea,0,0,5000,head_tail
seg_005388,JS36964.hea,0,0,5000,head_tail
seg_005389,JS36965.hea,0,0,5000,head_tail
seg_005392,JS36968.hea,0,0,5000,head_tail
seg_005393,JS36969.hea,0,0,5000,head_tail
seg_005394,JS36970.hea,0,0,5000,head_tail
seg_005395,JS36971.hea,0,0,5000,head_tail
seg_005398,JS36974.hea,0,0,5000,head_tail
seg_005399,JS36975.hea,0,0,5000,head_tail
seg_005400,JS36976.hea,0,0,5000,head_tail
seg_005402,JS36978.hea,0,0,5000,head_tail
seg_005403,JS36979.hea,0,0,5000,head_tail
seg_005406,JS36982.hea,0,0,5000,head_tail
seg_005407,JS36983.hea,0,0,5000,head_tail
seg_005408,JS36984.hea,0,0,5000,head_tail
seg_005410,JS36986.hea,0,0,5000,head_tail
seg_005412,JS36988.hea,0,0,5000,head_tail
seg_005413,JS36989.hea,0,0,5000,head_tail
seg_005416,JS36992.hea,0,0,5000,head_tail
seg_005417,JS36993.hea,0,0,5000,head_tail
seg_005418,JS36994.hea,0,0,5000,head_tail
seg_005419,JS36995.hea,0,0,5000,head_tail
seg_005422,JS36998.hea,0,0,5000,head_tail
seg_005423,JS36999.hea,0,0,5000,head_tail
seg_005424,JS37000.hea,0,0,5000,head_tail
seg_005425,JS37001.hea,0,0,5000,head_tail
seg_005427,JS37003.hea,0,0,5000,head_tail
seg_005429,JS37005.hea,0,0,5000,head_tail
seg_005431,JS37007.hea,0,0,5000,head_tail
seg_005433,JS37009.hea,0,0,5000,head_tail
seg_005434,JS37010.hea,0,0,5000,head_tail
seg_005436,JS37012.hea,0,0,5000,head_tail
seg_005437,JS37013.hea,0,0,5000,head_tail
seg_005439,JS37015.hea,0,0,5000,head_tail
seg_005440,JS37016.hea,0,0,5000,head_tail
seg_005442,JS37018.hea,0,0,5000,head_tail
seg_005443,JS37019.hea,0,0,5000,head_tail
seg_005445,JS37021.hea,0,0,5000,head_tail
seg_005446,JS37022.hea,0,0,5000,head_tail
seg_005448,JS37024.hea,0,0,5000,head_tail
seg_005449,JS37025.hea,0,0,5000,head_tail
seg_005452,JS37028.hea,0,0,5000,head_tail
seg_005453,JS37029.hea,0,0,5000,head_tail
seg_005454,JS37030.hea,0,0,5000,head_tail
seg_005456,JS37032.hea,0,0,5000,head_tail
seg_005457,JS37033.hea,0,0,5000,head_tail
seg_005459,JS37035.hea,0,0,5000,head_tail
seg_005461,JS37037.hea,0,0,5000,head_tail
seg_005462,JS37038.hea,0,0,5000,head_tail
seg_005463,JS37039.hea,0,0,5000,head_tail
seg_005466,JS37042.hea,0,0,5000,head_tail
seg_005467,JS37043.hea,0,0,5000,head_tail
seg_005468,JS37044.hea,0,0,5000,head_tail
seg_005469,JS37045.hea,0,0,5000,head_tail
seg_005472,JS37048.hea,0,0,5000,head_tail
seg_005473,JS37049.hea,0,0,5000,head_tail
seg_005474,JS37050.hea,0,0,5000,head_tail
seg_005477,JS37053.hea,0,0,5000,head_tail
seg_005478,JS37054.hea,0,0,5000,head_tail
seg_005479,JS37055.hea,0,0,5000,head_tail
seg_005481,JS37057.hea,0,0,5000,head_tail
seg_005483,JS37059.hea,0,0,5000,head_tail
seg_005484,JS37060.hea,0,0,5000,head_tail
seg_005485,JS37061.hea,0,0,5000,head_tail
seg_005487,JS37063.hea,0,0,5000,head_tail
seg_005489,JS37065.hea,0,0,5000,head_tail
seg_005490,JS37066.hea,0,0,5000,head_tail
seg_005492,JS37068.hea,0,0,5000,head_tail
seg_005493,JS37069.hea,0,0,5000,head_tail
seg_005496,JS37072.hea,0,0,5000,head_tail
seg_005497,JS37073.hea,0,0,5000,head_tail
seg_005498,JS37074.hea,0,0,5000,head_tail
seg_005499,JS37075.hea,0,0,5000,head_tail
seg_005502,JS37078.hea,0,0,5000,head_tail
seg_005503,JS37079.hea,0,0,5000,head_tail
seg_005504,JS37080.hea,0,0,5000,head_tail
seg_005506,JS37082.hea,0,0,5000,head_tail
seg_005507,JS37083.hea,0,0,5000,head_tail
seg_005509,JS37085.hea,0,0,5000,head_tail
seg_005510,JS37086.hea,0,0,5000,head_tail
seg_005512,JS37088.hea,0,0,5000,head_tail
seg_005514,JS37090.hea,0,0,5000,head_tail
seg_005516,JS37092.hea,0,0,5000,head_tail
seg_005517,JS37093.hea,0,0,5000,head_tail
seg_005518,JS37094.hea,0,0,5000,head_tail
seg_005519,JS37095.hea,0,0,5000,head_tail
seg_005522,JS37098.hea,0,0,5000,head_tail
seg_005523,JS37099.hea,0,0,5000,head_tail
seg_005524,JS37100.hea,0,0,5000,head_tail
seg_005527,JS37103.hea,0,0,5000,head_tail
seg_005528,JS37104.hea,0,0,5000,head_tail
seg_005529,JS37105.hea,0,0,5000,head_tail
seg_005531,JS37107.hea,0,0,5000,head_tail
seg_005533,JS37109.hea,0,0,5000,head_tail
seg_005534,JS37110.hea,0,0,5000,head_tail
seg_005536,JS37112.hea,0,0,5000,head_tail
seg_005537,JS37113.hea,0,0,5000,head_tail
seg_005538,JS37114.hea,0,0,5000,head_tail
seg_005539,JS37115.hea,0,0,5000,head_tail
seg_005540,JS37116.hea,0,0,5000,head_tail
seg_005543,JS37119.hea,0,0,5000,head_tail
seg_005544,JS37120.hea,0,0,5000,head_tail
seg_005547,JS37123.hea,0,0,5000,head_tail
seg_005548,JS37124.hea,0,0,5000,head_tail
seg_005549,JS37125.hea,0,0,5000,head_tail
seg_005551,JS37127.hea,0,0,5000,head_tail
seg_005553,JS37129.hea,0,0,5000,head_tail
seg_005554,JS37130.hea,0,0,5000,head_tail
seg_005556,JS37132.hea,0,0,5000,head_tail
seg_005557,JS37133.hea,0,0,5000,head_tail
seg_005559,JS37135.hea,0,0,5000,head_tail
seg_005561,JS37137.hea,0,0,5000,head_tail
seg_005562,JS37138.hea,0,0,5000,head_tail
seg_005564,JS37140.hea,0,0,5000,head_tail
seg_005565,JS37141.hea,0,0,5000,head_tail
seg_005567,JS37143.hea,0,0,5000,head_tail
seg_005568,JS37144.hea,0,0,5000,head_tail
seg_005569,JS37145.hea,0,0,5000,head_tail
seg_005572,JS37148.hea,0,0,5000,head_tail
seg_005573,JS37149.hea,0,0,5000,head_tail
seg_005574,JS37150.hea,0,0,5000,head_tail
seg_005577,JS37153.hea,0,0,5000,head_tail
seg_005578,JS37154.hea,0,0,5000,head_tail
seg_005579,JS37155.hea,0,0,5000,head_tail
seg_005581,JS37157.hea,0,0,5000,head_tail
seg_005583,JS37159.hea,0,0,5000,head_tail
seg_005584,JS37160.hea,0,0,5000,head_tail
seg_005585,JS37161.hea,0,0,5000,head_tail
seg_005587,JS37163.hea,0,0,5000,head_tail
seg_005588,JS37164.hea,0,0,5000,head_tail
seg_005590,JS37166.hea,0,0,5000,head_tail
seg_005592,JS37168.hea,0,0,5000,head_tail
seg_005593,JS37169.hea,0,0,5000,head_tail
seg_005596,JS37172.hea,0,0,5000,head_tail
seg_005597,JS37173.hea,0,0,5000,head_tail
seg_005598,JS37174.hea,0,0,5000,head_tail
seg_005599,JS37175.hea,0,0,5000,head_tail
seg_005601,JS37177.hea,0,0,5000,head_tail
seg_005602,JS37178.hea,0,0,5000,head_tail
seg_005604,JS37180.hea,0,0,5000,head_tail
seg_005606,JS37182.hea,0,0,5000,head_tail
seg_005608,JS37184.hea,0,0,5000,head_tail
seg_005609,JS37185.hea,0,0,5000,head_tail
seg_005610,JS37186.hea,0,0,5000,head_tail
seg_005612,JS37188.hea,0,0,5000,head_tail
seg_005614,JS37190.hea,0,0,5000,head_tail
seg_005615,JS37191.hea,0,0,5000,head_tail
seg_005617,JS37193.hea,0,0,5000,head_tail
seg_005618,JS37194.hea,0,0,5000,head_tail
seg_005620,JS37196.hea,0,0,5000,head_tail
seg_005622,JS37198.hea,0,0,5000,head_tail
seg_005623,JS37199.hea,0,0,5000,head_tail
seg_005624,JS37200.hea,0,0,5000,head_tail
seg_005627,JS37203.hea,0,0,5000,head_tail
seg_005628,JS37204.hea,0,0,5000,head_tail
seg_005629,JS37205.hea,0,0,5000,head_tail
seg_005631,JS37207.hea,0,0,5000,head_tail
seg_005633,JS37209.hea,0,0,5000,head_tail
seg_005634,JS37210.hea,0,0,5000,head_tail
seg_005636,JS37212.hea,0,0,5000,head_tail
seg_005637,JS37213.hea,0,0,5000,head_tail
seg_005638,JS37214.hea,0,0,5000,head_tail
seg_005641,JS37217.hea,0,0,5000,head_tail
seg_005642,JS37218.hea,0,0,5000,head_tail
seg_005643,JS37219.hea,0,0,5000,head_tail
seg_005646,JS37222.hea,0,0,5000,head_tail
seg_005647,JS37223.hea,0,0,5000,head_tail
seg_005648,JS37224.hea,0,0,5000,head_tail
seg_005649,JS37225.hea,0,0,5000,head_tail
seg_005652,JS37228.hea,0,0,5000,head_tail
seg_005653,JS37229.hea,0,0,5000,head_tail
seg_005654,JS37230.hea,0,0,5000,head_tail
seg_005655,JS37231.hea,0,0,5000,head_tail
seg_005658,JS37234.hea,0,0,5000,head_tail
seg_005659,JS37235.hea,0,0,5000,head_tail
seg_005661,JS37237.hea,0,0,5000,head_tail
seg_005662,JS37238.hea,0,0,5000,head_tail
seg_005664,JS37240.hea,0,0,5000,head_tail
seg_005666,JS37242.hea,0,0,5000,head_tail
seg_005667,JS37243.hea,0,0,5000,head_tail
seg_005668,JS37244.hea,0,0,5000,head_tail
seg_005671,JS37247.hea,0,0,5000,head_tail
seg_005672,JS37248.hea,0,0,5000,head_tail
seg_005673,JS37249.hea,0,0,5000,head_tail
seg_005674,JS37250.hea,0,0,5000,head_tail
seg_005677,JS37253.hea,0,0,5000,head_tail
seg_005678,JS37254.hea,0,0,5000,head_tail
seg_005679,JS37255.hea,0,0,5000,head_tail
seg_005680,JS37256.hea,0,0,5000,head_tail
seg_005683,JS37259.hea,0,0,5000,head_tail
seg_005684,JS37260.hea,0,0,5000,head_tail
seg_005686,JS37262.hea,0,0,5000,head_tail
seg_005687,JS37263.hea,0,0,5000,head_tail
seg_005689,JS37265.hea,0,0,5000,head_tail
seg_005691,JS37267.hea,0,0,5000,head_tail
seg_005692,JS37268.hea,0,0,5000,head_tail
seg_005693,JS37269.hea,0,0,5000,head_tail
seg_005696,JS37272.hea,0,0,5000,head_tail
seg_005697,JS37273.hea,0,0,5000,head_tail
seg_005698,JS37274.hea,0,0,5000,head_tail
seg_005699,JS37275.hea,0,0,5000,head_tail
seg_005702,JS37278.hea,0,0,5000,head_tail
seg_005703,JS37279.hea,0,0,5000,head_tail
seg_005704,JS37280.hea,0,0,5000,head_tail
seg_005705,JS37281.hea,0,0,5000,head_tail
seg_005707,JS37283.hea,0,0,5000,head_tail
seg_005709,JS37285.hea,0,0,5000,head_tail
seg_005710,JS37286.hea,0,0,5000,head_tail
seg_005712,JS37288.hea,0,0,5000,head_tail
seg_005713,JS37289.hea,0,0,5000,head_tail
seg_005715,JS37291.hea,0,0,5000,head_tail
seg_005717,JS37293.hea,0,0,5000,head_tail
seg_005718,JS37294.hea,0,0,5000,head_tail
seg_005720,JS37296.hea,0,0,5000,head_tail
seg_005722,JS37298.hea,0,0,5000,head_tail
seg_005723,JS37299.hea,0,0,5000,head_tail
seg_005724,JS37300.hea,0,0,5000,head_tail
seg_005727,JS37303.hea,0,0,5000,head_tail
seg_005728,JS37304.hea,0,0,5000,head_tail
seg_005729,JS37305.hea,0,0,5000,head_tail
seg_005730,JS37306.hea,0,0,5000,head_tail
seg_005733,JS37309.hea,0,0,5000,head_tail
seg_005734,JS37310.hea,0,0,5000,head_tail
seg_005735,JS37311.hea,0,0,5000,head_tail
seg_005736,JS37312.hea,0,0,5000,head_tail
seg_005738,JS37314.hea,0,0,5000,head_tail
seg_005740,JS37316.hea,0,0,5000,head_tail
seg_005741,JS37317.hea,0,0,5000,head_tail
seg_005742,JS37318.hea,0,0,5000,head_tail
seg_005743,JS37319.hea,0,0,5000,head_tail
seg_005746,JS37322.hea,0,0,5000,head_tail
seg_005747,JS37323.hea,0,0,5000,head_tail
seg_005748,JS37324.hea,0,0,5000,head_tail
seg_005750,JS37326.hea,0,0,5000,head_tail
seg_005753,JS37329.hea,0,0,5000,head_tail
seg_005754,JS37330.hea,0,0,5000,head_tail
seg_005756,JS37332.hea,0,0,5000,head_tail
seg_005758,JS37334.hea,0,0,5000,head_tail
seg_005759,JS37335.hea,0,0,5000,head_tail
seg_005760,JS37336.hea,0,0,5000,head_tail
seg_005762,JS37338.hea,0,0,5000,head_tail
seg_005764,JS37340.hea,0,0,5000,head_tail
seg_005765,JS37341.hea,0,0,5000,head_tail
seg_005767,JS37343.hea,0,0,5000,head_tail
seg_005768,JS37344.hea,0,0,5000,head_tail
seg_005769,JS37345.hea,0,0,5000,head_tail
seg_005772,JS37348.hea,0,0,5000,head_tail
seg_005773,JS37349.hea,0,0,5000,head_tail
seg_005774,JS37350.hea,0,0,5000,head_tail
seg_005776,JS37352.hea,0,0,5000,head_tail
seg_005778,JS37354.hea,0,0,5000,head_tail
seg_005779,JS37355.hea,0,0,5000,head_tail
seg_005780,JS37356.hea,0,0,5000,head_tail
seg_005783,JS37359.hea,0,0,5000,head_tail
seg_005784,JS37360.hea,0,0,5000,head_tail
seg_005786,JS37362.hea,0,0,5000,head_tail
seg_005787,JS37363.hea,0,0,5000,head_tail
seg_005789,JS37365.hea,0,0,5000,head_tail
seg_005791,JS37367.hea,0,0,5000,head_tail
seg_005792,JS37368.hea,0,0,5000,head_tail
seg_005793,JS37369.hea,0,0,5000,head_tail
seg_005796,JS37372.hea,0,0,5000,head_tail
seg_005797,JS37373.hea,0,0,5000,head_tail
seg_005798,JS37374.hea,0,0,5000,head_tail
seg_005799,JS37375.hea,0,0,5000,head_tail
seg_005802,JS37378.hea,0,0,5000,head_tail
seg_005803,JS37379.hea,0,0,5000,head_tail
seg_005804,JS37380.hea,0,0,5000,head_tail
seg_005805,JS37381.hea,0,0,5000,head_tail
seg_005808,JS37384.hea,0,0,5000,head_tail
seg_005809,JS37385.hea,0,0,5000,head_tail
seg_005810,JS37386.hea,0,0,5000,head_tail
seg_005811,JS37387.hea,0,0,5000,head_tail
seg_005814,JS37390.hea,0,0,5000,head_tail
seg_005815,JS37391.hea,0,0,5000,head_tail
seg_005816,JS37392.hea,0,0,5000,head_tail
seg_005817,JS37393.hea,0,0,5000,head_tail
seg_005820,JS37396.hea,0,0,5000,head_tail
seg_005821,JS37397.hea,0,0,5000,head_tail
seg_005822,JS37398.hea,0,0,5000,head_tail
seg_005824,JS37400.hea,0,0,5000,head_tail
seg_005827,JS37403.hea,0,0,5000,head_tail
seg_005828,JS37404.hea,0,0,5000,head_tail
seg_005829,JS37405.hea,0,0,5000,head_tail
seg_005831,JS37407.hea,0,0,5000,head_tail
seg_005832,JS37408.hea,0,0,5000,head_tail
seg_005833,JS37409.hea,0,0,5000,head_tail
seg_005836,JS37412.hea,0,0,5000,head_tail
seg_005837,JS37413.hea,0,0,5000,head_tail
seg_005838,JS37414.hea,0,0,5000,head_tail
seg_005839,JS37415.hea,0,0,5000,head_tail
seg_005842,JS37418.hea,0,0,5000,head_tail
seg_005843,JS37419.hea,0,0,5000,head_tail
seg_005844,JS37420.hea,0,0,5000,head_tail
seg_005846,JS37422.hea,0,0,5000,head_tail
seg_005848,JS37424.hea,0,0,5000,head_tail
seg_005849,JS37425.hea,0,0,5000,head_tail
seg_005851,JS37427.hea,0,0,5000,head_tail
seg_005853,JS37429.hea,0,0,5000,head_tail
seg_005854,JS37430.hea,0,0,5000,head_tail
seg_005856,JS37432.hea,0,0,5000,head_tail
seg_005857,JS37433.hea,0,0,5000,head_tail
seg_005859,JS37435.hea,0,0,5000,head_tail
seg_005860,JS37436.hea,0,0,5000,head_tail
seg_005862,JS37438.hea,0,0,5000,head_tail
seg_005863,JS37439.hea,0,0,5000,head_tail
seg_005865,JS37441.hea,0,0,5000,head_tail
seg_005867,JS37443.hea,0,0,5000,head_tail
seg_005868,JS37444.hea,0,0,5000,head_tail
seg_005870,JS37446.hea,0,0,5000,head_tail
seg_005871,JS37447.hea,0,0,5000,head_tail
seg_005873,JS37449.hea,0,0,5000,head_tail
seg_005874,JS37450.hea,0,0,5000,head_tail
seg_005876,JS37452.hea,0,0,5000,head_tail
seg_005878,JS37454.hea,0,0,5000,head_tail
seg_005879,JS37455.hea,0,0,5000,head_tail
seg_005880,JS37456.hea,0,0,5000,head_tail
seg_005881,JS37457.hea,0,0,5000,head_tail
seg_005883,JS37459.hea,0,0,5000,head_tail
seg_005884,JS37460.hea,0,0,5000,head_tail
seg_005886,JS37462.hea,0,0,5000,head_tail
seg_005889,JS37465.hea,0,0,5000,head_tail
seg_005890,JS37466.hea,0,0,5000,head_tail
seg_005892,JS37468.hea,0,0,5000,head_tail
seg_005893,JS37469.hea,0,0,5000,head_tail
seg_005894,JS37470.hea,0,0,5000,head_tail
seg_005897,JS37473.hea,0,0,5000,head_tail
seg_005898,JS37474.hea,0,0,5000,head_tail
seg_005899,JS37475.hea,0,0,5000,head_tail
seg_005900,JS37476.hea,0,0,5000,head_tail
seg_005903,JS37479.hea,0,0,5000,head_tail
seg_005904,JS37480.hea,0,0,5000,head_tail
seg_005905,JS37481.hea,0,0,5000,head_tail
seg_005906,JS37482.hea,0,0,5000,head_tail
seg_005907,JS37483.hea,0,0,5000,head_tail
seg_005909,JS37485.hea,0,0,5000,head_tail
seg_005912,JS37488.hea,0,0,5000,head_tail
seg_005914,JS37490.hea,0,0,5000,head_tail
seg_005916,JS37492.hea,0,0,5000,head_tail
seg_005917,JS37493.hea,0,0,5000,head_tail
seg_005918,JS37494.hea,0,0,5000,head_tail
seg_005920,JS37496.hea,0,0,5000,head_tail
seg_005922,JS37498.hea,0,0,5000,head_tail
seg_005923,JS37499.hea,0,0,5000,head_tail
seg_005924,JS37500.hea,0,0,5000,head_tail
seg_005927,JS37503.hea,0,0,5000,head_tail
seg_005928,JS37504.hea,0,0,5000,head_tail
seg_005929,JS37505.hea,0,0,5000,head_tail
seg_005930,JS37506.hea,0,0,5000,head_tail
seg_005933,JS37509.hea,0,0,5000,head_tail
seg_005934,JS37510.hea,0,0,5000,head_tail
seg_005935,JS37511.hea,0,0,5000,head_tail
seg_005937,JS37513.hea,0,0,5000,head_tail
seg_005938,JS37514.hea,0,0,5000,head_tail
seg_005939,JS37515.hea,0,0,5000,head_tail
seg_005942,JS37518.hea,0,0,5000,head_tail
seg_005943,JS37519.hea,0,0,5000,head_tail
seg_005944,JS37520.hea,0,0,5000,head_tail
seg_005945,JS37521.hea,0,0,5000,head_tail
seg_005948,JS37524.hea,0,0,5000,head_tail
seg_005949,JS37525.hea,0,0,5000,head_tail
seg_005950,JS37526.hea,0,0,5000,head_tail
seg_005951,JS37527.hea,0,0,5000,head_tail
seg_005954,JS37530.hea,0,0,5000,head_tail
seg_005955,JS37531.hea,0,0,5000,head_tail
seg_005956,JS37532.hea,0,0,5000,head_tail
seg_005957,JS37533.hea,0,0,5000,head_tail
seg_005961,JS37537.hea,0,0,5000,head_tail
seg_005962,JS37538.hea,0,0,5000,head_tail
seg_005963,JS37539.hea,0,0,5000,head_tail
seg_005964,JS37540.hea,0,0,5000,head_tail
seg_005967,JS37543.hea,0,0,5000,head_tail
seg_005968,JS37544.hea,0,0,5000,head_tail
seg_005969,JS37545.hea,0,0,5000,head_tail
seg_005970,JS37546.hea,0,0,5000,head_tail
seg_005973,JS37549.hea,0,0,5000,head_tail
seg_005974,JS37550.hea,0,0,5000,head_tail
seg_005975,JS37551.hea,0,0,5000,head_tail
seg_005977,JS37553.hea,0,0,5000,head_tail
seg_005979,JS37555.hea,0,0,5000,head_tail
seg_005980,JS37556.hea,0,0,5000,head_tail
seg_005983,JS37559.hea,0,0,5000,head_tail
seg_005984,JS37560.hea,0,0,5000,head_tail
seg_005985,JS37561.hea,0,0,5000,head_tail
seg_005986,JS37562.hea,0,0,5000,head_tail
seg_005989,JS37565.hea,0,0,5000,head_tail
seg_005990,JS37566.hea,0,0,5000,head_tail
seg_005991,JS37567.hea,0,0,5000,head_tail
seg_005993,JS37569.hea,0,0,5000,head_tail
seg_005994,JS37570.hea,0,0,5000,head_tail
seg_005997,JS37573.hea,0,0,5000,head_tail
seg_005998,JS37574.hea,0,0,5000,head_tail
seg_005999,JS37575.hea,0,0,5000,head_tail
seg_006000,JS37576.hea,0,0,5000,head_tail
seg_006003,JS37579.hea,0,0,5000,head_tail
seg_006004,JS37580.hea,0,0,5000,head_tail
seg_006005,JS37581.hea,0,0,5000,head_tail
seg_006006,JS37582.hea,0,0,5000,head_tail
seg_006008,JS37584.hea,0,0,5000,head_tail
seg_006010,JS37586.hea,0,0,5000,head_tail
seg_006012,JS37588.hea,0,0,5000,head_tail
seg_006013,JS37589.hea,0,0,5000,head_tail
seg_006015,JS37591.hea,0,0,5000,head_tail
seg_006017,JS37593.hea,0,0,5000,head_tail
seg_006018,JS37594.hea,0,0,5000,head_tail
seg_006021,JS37597.hea,0,0,5000,head_tail
seg_006022,JS37598.hea,0,0,5000,head_tail
seg_006023,JS37599.hea,0,0,5000,head_tail
seg_006024,JS37600.hea,0,0,5000,head_tail
seg_006027,JS37603.hea,0,0,5000,head_tail
seg_006028,JS37604.hea,0,0,5000,head_tail
seg_006029,JS37605.hea,0,0,5000,head_tail
seg_006031,JS37607.hea,0,0,5000,head_tail
seg_006033,JS37609.hea,0,0,5000,head_tail
seg_006034,JS37610.hea,0,0,5000,head_tail
seg_006036,JS37612.hea,0,0,5000,head_tail
seg_006037,JS37613.hea,0,0,5000,head_tail
seg_006039,JS37615.hea,0,0,5000,head_tail
seg_006040,JS37616.hea,0,0,5000,head_tail
seg_006041,JS37617.hea,0,0,5000,head_tail
seg_006043,JS37619.hea,0,0,5000,head_tail
seg_006046,JS37622.hea,0,0,5000,head_tail
seg_006047,JS37623.hea,0,0,5000,head_tail
seg_006048,JS37624.hea,0,0,5000,head_tail
seg_006049,JS37625.hea,0,0,5000,head_tail
seg_006052,JS37628.hea,0,0,5000,head_tail
seg_006053,JS37629.hea,0,0,5000,head_tail
seg_006054,JS37630.hea,0,0,5000,head_tail
seg_006055,JS37631.hea,0,0,5000,head_tail
seg_006057,JS37633.hea,0,0,5000,head_tail
seg_006059,JS37635.hea,0,0,5000,head_tail
seg_006060,JS37636.hea,0,0,5000,head_tail
seg_006061,JS37637.hea,0,0,5000,head_tail
seg_006063,JS37639.hea,0,0,5000,head_tail
seg_006065,JS37641.hea,0,0,5000,head_tail
seg_006067,JS37643.hea,0,0,5000,head_tail
seg_006068,JS37644.hea,0,0,5000,head_tail
seg_006069,JS37645.hea,0,0,5000,head_tail
seg_006072,JS37648.hea,0,0,5000,head_tail
seg_006073,JS37649.hea,0,0,5000,head_tail
seg_006074,JS37650.hea,0,0,5000,head_tail
seg_006077,JS37653.hea,0,0,5000,head_tail
seg_006078,JS37654.hea,0,0,5000,head_tail
seg_006079,JS37655.hea,0,0,5000,head_tail
seg_006080,JS37656.hea,0,0,5000,head_tail
seg_006083,JS37659.hea,0,0,5000,head_tail
seg_006084,JS37660.hea,0,0,5000,head_tail
seg_006085,JS37661.hea,0,0,5000,head_tail
seg_006087,JS37663.hea,0,0,5000,head_tail
seg_006088,JS37664.hea,0,0,5000,head_tail
seg_006090,JS37666.hea,0,0,5000,head_tail
seg_006092,JS37668.hea,0,0,5000,head_tail
seg_006093,JS37669.hea,0,0,5000,head_tail
seg_006095,JS37671.hea,0,0,5000,head_tail
seg_006097,JS37673.hea,0,0,5000,head_tail
seg_006098,JS37674.hea,0,0,5000,head_tail
seg_006099,JS37675.hea,0,0,5000,head_tail
seg_006102,JS37678.hea,0,0,5000,head_tail
seg_006103,JS37679.hea,0,0,5000,head_tail
seg_006104,JS37680.hea,0,0,5000,head_tail
seg_006106,JS37682.hea,0,0,5000,head_tail
seg_006107,JS37683.hea,0,0,5000,head_tail
seg_006108,JS37684.hea,0,0,5000,head_tail
seg_006111,JS37687.hea,0,0,5000,head_tail
seg_006112,JS37688.hea,0,0,5000,head_tail
seg_006114,JS37690.hea,0,0,5000,head_tail
seg_006116,JS37692.hea,0,0,5000,head_tail
seg_006117,JS37693.hea,0,0,5000,head_tail
seg_006118,JS37694.hea,0,0,5000,head_tail
seg_006120,JS37696.hea,0,0,5000,head_tail
seg_006122,JS37698.hea,0,0,5000,head_tail
seg_006123,JS37699.hea,0,0,5000,head_tail
seg_006124,JS37700.hea,0,0,5000,head_tail
seg_006127,JS37703.hea,0,0,5000,head_tail
seg_006128,JS37704.hea,0,0,5000,head_tail
seg_006129,JS37705.hea,0,0,5000,head_tail
seg_006130,JS37706.hea,0,0,5000,head_tail
seg_006133,JS37709.hea,0,0,5000,head_tail
seg_006134,JS37710.hea,0,0,5000,head_tail
seg_006136,JS37712.hea,0,0,5000,head_tail
seg_006137,JS37713.hea,0,0,5000,head_tail
seg_006138,JS37714.hea,0,0,5000,head_tail
seg_006141,JS37717.hea,0,0,5000,head_tail
seg_006142,JS37718.hea,0,0,5000,head_tail
seg_006143,JS37719.hea,0,0,5000,head_tail
seg_006146,JS37722.hea,0,0,5000,head_tail
seg_006147,JS37723.hea,0,0,5000,head_tail
seg_006148,JS37724.hea,0,0,5000,head_tail
seg_006149,JS37725.hea,0,0,5000,head_tail
seg_006152,JS37728.hea,0,0,5000,head_tail
seg_006153,JS37729.hea,0,0,5000,head_tail
seg_006154,JS37730.hea,0,0,5000,head_tail
seg_006156,JS37732.hea,0,0,5000,head_tail
seg_006158,JS37734.hea,0,0,5000,head_tail
seg_006159,JS37735.hea,0,0,5000,head_tail
seg_006161,JS37737.hea,0,0,5000,head_tail
seg_006162,JS37738.hea,0,0,5000,head_tail
seg_006163,JS37739.hea,0,0,5000,head_tail
seg_006166,JS37742.hea,0,0,5000,head_tail
seg_006167,JS37743.hea,0,0,5000,head_tail
seg_006168,JS37744.hea,0,0,5000,head_tail
seg_006170,JS37746.hea,0,0,5000,head_tail
seg_006172,JS37748.hea,0,0,5000,head_tail
seg_006173,JS37749.hea,0,0,5000,head_tail
seg_006174,JS37750.hea,0,0,5000,head_tail
seg_006175,JS37751.hea,0,0,5000,head_tail
seg_006176,JS37752.hea,0,0,5000,head_tail
seg_006179,JS37755.hea,0,0,5000,head_tail
seg_006181,JS37757.hea,0,0,5000,head_tail
seg_006182,JS37758.hea,0,0,5000,head_tail
seg_006183,JS37759.hea,0,0,5000,head_tail
seg_006186,JS37762.hea,0,0,5000,head_tail
seg_006187,JS37763.hea,0,0,5000,head_tail
seg_006188,JS37764.hea,0,0,5000,head_tail
seg_006190,JS37766.hea,0,0,5000,head_tail
seg_006192,JS37768.hea,0,0,5000,head_tail
seg_006193,JS37769.hea,0,0,5000,head_tail
seg_006195,JS37771.hea,0,0,5000,head_tail
seg_006196,JS37772.hea,0,0,5000,head_tail
seg_006198,JS37774.hea,0,0,5000,head_tail
seg_006199,JS37775.hea,0,0,5000,head_tail
seg_006200,JS37776.hea,0,0,5000,head_tail
seg_006203,JS37779.hea,0,0,5000,head_tail
seg_006204,JS37780.hea,0,0,5000,head_tail
seg_006205,JS37781.hea,0,0,5000,head_tail
seg_006208,JS37784.hea,0,0,5000,head_tail
seg_006209,JS37785.hea,0,0,5000,head_tail
seg_006210,JS37786.hea,0,0,5000,head_tail
seg_006211,JS37787.hea,0,0,5000,head_tail
seg_006213,JS37789.hea,0,0,5000,head_tail
seg_006215,JS37791.hea,0,0,5000,head_tail
seg_006216,JS37792.hea,0,0,5000,head_tail
seg_006218,JS37794.hea,0,0,5000,head_tail
seg_006221,JS37797.hea,0,0,5000,head_tail
seg_006222,JS37798.hea,0,0,5000,head_tail
seg_006223,JS37799.hea,0,0,5000,head_tail
seg_006224,JS37800.hea,0,0,5000,head_tail
seg_006226,JS37802.hea,0,0,5000,head_tail
seg_006228,JS37804.hea,0,0,5000,head_tail
seg_006229,JS37805.hea,0,0,5000,head_tail
seg_006230,JS37806.hea,0,0,5000,head_tail
seg_006232,JS37808.hea,0,0,5000,head_tail
seg_006234,JS37810.hea,0,0,5000,head_tail
seg_006235,JS37811.hea,0,0,5000,head_tail
seg_006237,JS37813.hea,0,0,5000,head_tail
seg_006238,JS37814.hea,0,0,5000,head_tail
seg_006240,JS37816.hea,0,0,5000,head_tail
seg_006241,JS37817.hea,0,0,5000,head_tail
seg_006242,JS37818.hea,0,0,5000,head_tail
seg_006244,JS37820.hea,0,0,5000,head_tail
seg_006246,JS37822.hea,0,0,5000,head_tail
seg_006247,JS37823.hea,0,0,5000,head_tail
seg_006249,JS37825.hea,0,0,5000,head_tail
seg_006251,JS37827.hea,0,0,5000,head_tail
seg_006252,JS37828.hea,0,0,5000,head_tail
seg_006253,JS37829.hea,0,0,5000,head_tail
seg_006255,JS37831.hea,0,0,5000,head_tail
seg_006257,JS37833.hea,0,0,5000,head_tail
seg_006258,JS37834.hea,0,0,5000,head_tail
seg_006261,JS37837.hea,0,0,5000,head_tail
seg_006262,JS37838.hea,0,0,5000,head_tail
seg_006263,JS37839.hea,0,0,5000,head_tail
seg_006265,JS37841.hea,0,0,5000,head_tail
seg_006267,JS37843.hea,0,0,5000,head_tail
seg_006268,JS37844.hea,0,0,5000,head_tail
seg_006269,JS37845.hea,0,0,5000,head_tail
seg_006272,JS37848.hea,0,0,5000,head_tail
seg_006273,JS37849.hea,0,0,5000,head_tail
seg_006274,JS37850.hea,0,0,5000,head_tail
seg_006277,JS37853.hea,0,0,5000,head_tail
seg_006278,JS37854.hea,0,0,5000,head_tail
seg_006279,JS37855.hea,0,0,5000,head_tail
seg_006281,JS37857.hea,0,0,5000,head_tail
seg_006282,JS37858.hea,0,0,5000,head_tail
seg_006284,JS37860.hea,0,0,5000,head_tail
seg_006286,JS37862.hea,0,0,5000,head_tail
seg_006287,JS37863.hea,0,0,5000,head_tail
seg_006289,JS37865.hea,0,0,5000,head_tail
seg_006291,JS37867.hea,0,0,5000,head_tail
seg_006292,JS37868.hea,0,0,5000,head_tail
seg_006293,JS37869.hea,0,0,5000,head_tail
seg_006296,JS37872.hea,0,0,5000,head_tail
seg_006297,JS37873.hea,0,0,5000,head_tail
seg_006298,JS37874.hea,0,0,5000,head_tail
seg_006299,JS37875.hea,0,0,5000,head_tail
seg_006302,JS37878.hea,0,0,5000,head_tail
seg_006303,JS37879.hea,0,0,5000,head_tail
seg_006304,JS37880.hea,0,0,5000,head_tail
seg_006305,JS37881.hea,0,0,5000,head_tail
seg_006308,JS37884.hea,0,0,5000,head_tail
seg_006309,JS37885.hea,0,0,5000,head_tail
seg_006310,JS37886.hea,0,0,5000,head_tail
seg_006311,JS37887.hea,0,0,5000,head_tail
seg_006313,JS37889.hea,0,0,5000,head_tail
seg_006316,JS37892.hea,0,0,5000,head_tail
seg_006317,JS37893.hea,0,0,5000,head_tail
seg_006318,JS37894.hea,0,0,5000,head_tail
seg_006319,JS37895.hea,0,0,5000,head_tail
seg_006320,JS37896.hea,0,0,5000,head_tail
seg_006323,JS37899.hea,0,0,5000,head_tail
seg_006324,JS37900.hea,0,0,5000,head_tail
seg_006325,JS37901.hea,0,0,5000,head_tail
seg_006327,JS37903.hea,0,0,5000,head_tail
seg_006329,JS37905.hea,0,0,5000,head_tail
seg_006331,JS37907.hea,0,0,5000,head_tail
seg_006333,JS37909.hea,0,0,5000,head_tail
seg_006334,JS37910.hea,0,0,5000,head_tail
seg_006336,JS37912.hea,0,0,5000,head_tail
seg_006337,JS37913.hea,0,0,5000,head_tail
seg_006339,JS37915.hea,0,0,5000,head_tail
seg_006341,JS37917.hea,0,0,5000,head_tail
seg_006342,JS37918.hea,0,0,5000,head_tail
seg_006343,JS37919.hea,0,0,5000,head_tail
seg_006345,JS37921.hea,0,0,5000,head_tail
seg_006347,JS37923.hea,0,0,5000,head_tail
seg_006348,JS37924.hea,0,0,5000,head_tail
seg_006349,JS37925.hea,0,0,5000,head_tail
seg_006352,JS37928.hea,0,0,5000,head_tail
seg_006353,JS37929.hea,0,0,5000,head_tail
seg_006354,JS37930.hea,0,0,5000,head_tail
seg_006356,JS37932.hea,0,0,5000,head_tail
seg_006358,JS37934.hea,0,0,5000,head_tail
seg_006359,JS37935.hea,0,0,5000,head_tail
seg_006361,JS37937.hea,0,0,5000,head_tail
seg_006362,JS37938.hea,0,0,5000,head_tail
seg_006364,JS37940.hea,0,0,5000,head_tail
seg_006366,JS37942.hea,0,0,5000,head_tail
seg_006367,JS37943.hea,0,0,5000,head_tail
seg_006368,JS37944.hea,0,0,5000,head_tail
seg_006369,JS37945.hea,0,0,5000,head_tail
seg_006372,JS37948.hea,0,0,5000,head_tail
seg_006373,JS37949.hea,0,0,5000,head_tail
seg_006374,JS37950.hea,0,0,5000,head_tail
seg_006377,JS37953.hea,0,0,5000,head_tail
seg_006378,JS37954.hea,0,0,5000,head_tail
seg_006379,JS37955.hea,0,0,5000,head_tail
seg_006380,JS37956.hea,0,0,5000,head_tail
seg_006383,JS37959.hea,0,0,5000,head_tail
seg_006384,JS37960.hea,0,0,5000,head_tail
seg_006385,JS37961.hea,0,0,5000,head_tail
seg_006386,JS37962.hea,0,0,5000,head_tail
seg_006389,JS37965.hea,0,0,5000,head_tail
seg_006390,JS37966.hea,0,0,5000,head_tail
seg_006391,JS37967.hea,0,0,5000,head_tail
seg_006393,JS37969.hea,0,0,5000,head_tail
seg_006395,JS37971.hea,0,0,5000,head_tail
seg_006396,JS37972.hea,0,0,5000,head_tail
seg_006398,JS37974.hea,0,0,5000,head_tail
seg_006399,JS37975.hea,0,0,5000,head_tail
seg_006401,JS37977.hea,0,0,5000,head_tail
seg_006402,JS37978.hea,0,0,5000,head_tail
seg_006404,JS37980.hea,0,0,5000,head_tail
seg_006405,JS37981.hea,0,0,5000,head_tail
seg_006407,JS37983.hea,0,0,5000,head_tail
seg_006408,JS37984.hea,0,0,5000,head_tail
seg_006410,JS37986.hea,0,0,5000,head_tail
seg_006411,JS37987.hea,0,0,5000,head_tail
seg_006413,JS37989.hea,0,0,5000,head_tail
seg_006416,JS37992.hea,0,0,5000,head_tail
seg_006417,JS37993.hea,0,0,5000,head_tail
seg_006418,JS37994.hea,0,0,5000,head_tail
seg_006421,JS37997.hea,0,0,5000,head_tail
seg_006422,JS37998.hea,0,0,5000,head_tail
seg_006423,JS37999.hea,0,0,5000,head_tail
seg_006424,JS38000.hea,0,0,5000,head_tail
seg_006425,JS38001.hea,0,0,5000,head_tail
seg_006428,JS38004.hea,0,0,5000,head_tail
seg_006429,JS38005.hea,0,0,5000,head_tail
seg_006430,JS38006.hea,0,0,5000,head_tail
seg_006432,JS38008.hea,0,0,5000,head_tail
seg_006434,JS38010.hea,0,0,5000,head_tail
seg_006436,JS38012.hea,0,0,5000,head_tail
seg_006437,JS38013.hea,0,0,5000,head_tail
seg_006438,JS38014.hea,0,0,5000,head_tail
seg_006439,JS38015.hea,0,0,5000,head_tail
seg_006442,JS38018.hea,0,0,5000,head_tail
seg_006443,JS38019.hea,0,0,5000,head_tail
seg_006445,JS38021.hea,0,0,5000,head_tail
seg_006447,JS38023.hea,0,0,5000,head_tail
seg_006448,JS38024.hea,0,0,5000,head_tail
seg_006449,JS38025.hea,0,0,5000,head_tail
seg_006450,JS38026.hea,0,0,5000,head_tail
seg_006453,JS38029.hea,0,0,5000,head_tail
seg_006454,JS38030.hea,0,0,5000,head_tail
seg_006455,JS38031.hea,0,0,5000,head_tail
seg_006457,JS38033.hea,0,0,5000,head_tail
seg_006459,JS38035.hea,0,0,5000,head_tail
seg_006461,JS38037.hea,0,0,5000,head_tail
seg_006462,JS38038.hea,0,0,5000,head_tail
seg_006464,JS38040.hea,0,0,5000,head_tail
seg_006466,JS38042.hea,0,0,5000,head_tail
seg_006467,JS38043.hea,0,0,5000,head_tail
seg_006468,JS38044.hea,0,0,5000,head_tail
seg_006471,JS38047.hea,0,0,5000,head_tail
seg_006472,JS38048.hea,0,0,5000,head_tail
seg_006473,JS38049.hea,0,0,5000,head_tail
seg_006474,JS38050.hea,0,0,5000,head_tail
seg_006477,JS38053.hea,0,0,5000,head_tail
seg_006478,JS38054.hea,0,0,5000,head_tail
seg_006479,JS38055.hea,0,0,5000,head_tail
seg_006481,JS38057.hea,0,0,5000,head_tail
seg_006483,JS38059.hea,0,0,5000,head_tail
seg_006484,JS38060.hea,0,0,5000,head_tail
seg_006486,JS38062.hea,0,0,5000,head_tail
seg_006487,JS38063.hea,0,0,5000,head_tail
seg_006489,JS38065.hea,0,0,5000,head_tail
seg_006491,JS38067.hea,0,0,5000,head_tail
seg_006492,JS38068.hea,0,0,5000,head_tail
seg_006493,JS38069.hea,0,0,5000,head_tail
seg_006494,JS38070.hea,0,0,5000,head_tail
seg_006497,JS38073.hea,0,0,5000,head_tail
seg_006498,JS38074.hea,0,0,5000,head_tail
seg_006499,JS38075.hea,0,0,5000,head_tail
seg_006501,JS38077.hea,0,0,5000,head_tail
seg_006503,JS38079.hea,0,0,5000,head_tail
seg_006504,JS38080.hea,0,0,5000,head_tail
seg_006505,JS38081.hea,0,0,5000,head_tail
seg_006507,JS38083.hea,0,0,5000,head_tail
seg_006509,JS38085.hea,0,0,5000,head_tail
seg_006510,JS38086.hea,0,0,5000,head_tail
seg_006512,JS38088.hea,0,0,5000,head_tail
seg_006513,JS38089.hea,0,0,5000,head_tail
seg_006515,JS38091.hea,0,0,5000,head_tail
seg_006517,JS38093.hea,0,0,5000,head_tail
seg_006518,JS38094.hea,0,0,5000,head_tail
seg_006521,JS38097.hea,0,0,5000,head_tail
seg_006522,JS38098.hea,0,0,5000,head_tail
seg_006523,JS38099.hea,0,0,5000,head_tail
seg_006524,JS38100.hea,0,0,5000,head_tail
seg_006525,JS38101.hea,0,0,5000,head_tail
seg_006528,JS38104.hea,0,0,5000,head_tail
seg_006529,JS38105.hea,0,0,5000,head_tail
seg_006531,JS38107.hea,0,0,5000,head_tail
seg_006533,JS38109.hea,0,0,5000,head_tail
seg_006534,JS38110.hea,0,0,5000,head_tail
seg_006535,JS38111.hea,0,0,5000,head_tail
seg_006537,JS38113.hea,0,0,5000,head_tail
seg_006539,JS38115.hea,0,0,5000,head_tail
seg_006540,JS38116.hea,0,0,5000,head_tail
seg_006541,JS38117.hea,0,0,5000,head_tail
seg_006542,JS38118.hea,0,0,5000,head_tail
seg_006546,JS38122.hea,0,0,5000,head_tail
seg_006547,JS38123.hea,0,0,5000,head_tail
seg_006548,JS38124.hea,0,0,5000,head_tail
seg_006549,JS38125.hea,0,0,5000,head_tail
seg_006552,JS38128.hea,0,0,5000,head_tail
seg_006553,JS38129.hea,0,0,5000,head_tail
seg_006554,JS38130.hea,0,0,5000,head_tail
seg_006555,JS38131.hea,0,0,5000,head_tail
seg_006558,JS38134.hea,0,0,5000,head_tail
seg_006559,JS38135.hea,0,0,5000,head_tail
seg_006560,JS38136.hea,0,0,5000,head_tail
seg_006562,JS38138.hea,0,0,5000,head_tail
seg_006564,JS38140.hea,0,0,5000,head_tail
seg_006565,JS38141.hea,0,0,5000,head_tail
seg_006567,JS38143.hea,0,0,5000,head_tail
seg_006568,JS38144.hea,0,0,5000,head_tail
seg_006569,JS38145.hea,0,0,5000,head_tail
seg_006572,JS38148.hea,0,0,5000,head_tail
seg_006573,JS38149.hea,0,0,5000,head_tail
seg_006574,JS38150.hea,0,0,5000,head_tail
seg_006577,JS38153.hea,0,0,5000,head_tail
seg_006578,JS38154.hea,0,0,5000,head_tail
seg_006579,JS38155.hea,0,0,5000,head_tail
seg_006581,JS38157.hea,0,0,5000,head_tail
seg_006583,JS38159.hea,0,0,5000,head_tail
seg_006584,JS38160.hea,0,0,5000,head_tail
seg_006586,JS38162.hea,0,0,5000,head_tail
seg_006587,JS38163.hea,0,0,5000,head_tail
seg_006589,JS38165.hea,0,0,5000,head_tail
seg_006590,JS38166.hea,0,0,5000,head_tail
seg_006592,JS38168.hea,0,0,5000,head_tail
seg_006593,JS38169.hea,0,0,5000,head_tail
seg_006594,JS38170.hea,0,0,5000,head_tail
seg_006597,JS38173.hea,0,0,5000,head_tail
seg_006598,JS38174.hea,0,0,5000,head_tail
seg_006599,JS38175.hea,0,0,5000,head_tail
seg_006601,JS38177.hea,0,0,5000,head_tail
seg_006603,JS38179.hea,0,0,5000,head_tail
seg_006604,JS38180.hea,0,0,5000,head_tail
seg_006606,JS38182.hea,0,0,5000,head_tail
seg_006608,JS38184.hea,0,0,5000,head_tail
seg_006609,JS38185.hea,0,0,5000,head_tail
seg_006611,JS38187.hea,0,0,5000,head_tail
seg_006612,JS38188.hea,0,0,5000,head_tail
seg_006613,JS38189.hea,0,0,5000,head_tail
seg_006616,JS38192.hea,0,0,5000,head_tail
seg_006617,JS38193.hea,0,0,5000,head_tail
seg_006618,JS38194.hea,0,0,5000,head_tail
seg_006619,JS38195.hea,0,0,5000,head_tail
seg_006622,JS38198.hea,0,0,5000,head_tail
seg_006623,JS38199.hea,0,0,5000,head_tail
seg_006624,JS38200.hea,0,0,5000,head_tail
seg_006627,JS38203.hea,0,0,5000,head_tail
seg_006628,JS38204.hea,0,0,5000,head_tail
seg_006629,JS38205.hea,0,0,5000,head_tail
seg_006630,JS38206.hea,0,0,5000,head_tail
seg_006633,JS38209.hea,0,0,5000,head_tail
seg_006634,JS38210.hea,0,0,5000,head_tail
seg_006635,JS38211.hea,0,0,5000,head_tail
seg_006636,JS38212.hea,0,0,5000,head_tail
seg_006639,JS38215.hea,0,0,5000,head_tail
seg_006640,JS38216.hea,0,0,5000,head_tail
seg_006642,JS38218.hea,0,0,5000,head_tail
seg_006643,JS38219.hea,0,0,5000,head_tail
seg_006644,JS38220.hea,0,0,5000,head_tail
seg_006647,JS38223.hea,0,0,5000,head_tail
seg_006648,JS38224.hea,0,0,5000,head_tail
seg_006649,JS38225.hea,0,0,5000,head_tail
seg_006652,JS38228.hea,0,0,5000,head_tail
seg_006653,JS38229.hea,0,0,5000,head_tail
seg_006654,JS38230.hea,0,0,5000,head_tail
seg_006656,JS38232.hea,0,0,5000,head_tail
seg_006657,JS38233.hea,0,0,5000,head_tail
seg_006658,JS38234.hea,0,0,5000,head_tail
seg_006660,JS38236.hea,0,0,5000,head_tail
seg_006661,JS38237.hea,0,0,5000,head_tail
seg_006664,JS38240.hea,0,0,5000,head_tail
seg_006666,JS38242.hea,0,0,5000,head_tail
seg_006667,JS38243.hea,0,0,5000,head_tail
seg_006668,JS38244.hea,0,0,5000,head_tail
seg_006670,JS38246.hea,0,0,5000,head_tail
seg_006672,JS38248.hea,0,0,5000,head_tail
seg_006673,JS38249.hea,0,0,5000,head_tail
seg_006674,JS38250.hea,0,0,5000,head_tail
seg_006676,JS38252.hea,0,0,5000,head_tail
seg_006678,JS38254.hea,0,0,5000,head_tail
seg_006679,JS38255.hea,0,0,5000,head_tail
seg_006681,JS38257.hea,0,0,5000,head_tail
seg_006683,JS38259.hea,0,0,5000,head_tail
seg_006684,JS38260.hea,0,0,5000,head_tail
seg_006685,JS38261.hea,0,0,5000,head_tail
seg_006687,JS38263.hea,0,0,5000,head_tail
seg_006689,JS38265.hea,0,0,5000,head_tail
seg_006691,JS38267.hea,0,0,5000,head_tail
seg_006692,JS38268.hea,0,0,5000,head_tail
seg_006693,JS38269.hea,0,0,5000,head_tail
seg_006695,JS38271.hea,0,0,5000,head_tail
seg_006696,JS38272.hea,0,0,5000,head_tail
seg_006698,JS38274.hea,0,0,5000,head_tail
seg_006699,JS38275.hea,0,0,5000,head_tail
seg_006702,JS38278.hea,0,0,5000,head_tail
seg_006703,JS38279.hea,0,0,5000,head_tail
seg_006704,JS38280.hea,0,0,5000,head_tail
seg_006705,JS38281.hea,0,0,5000,head_tail
seg_006707,JS38283.hea,0,0,5000,head_tail
seg_006709,JS38285.hea,0,0,5000,head_tail
seg_006710,JS38286.hea,0,0,5000,head_tail
seg_006712,JS38288.hea,0,0,5000,head_tail
seg_006714,JS38290.hea,0,0,5000,head_tail
seg_006715,JS38291.hea,0,0,5000,head_tail
seg_006717,JS38293.hea,0,0,5000,head_tail
seg_006718,JS38294.hea,0,0,5000,head_tail
seg_006719,JS38295.hea,0,0,5000,head_tail
seg_006722,JS38298.hea,0,0,5000,head_tail
seg_006723,JS38299.hea,0,0,5000,head_tail
seg_006724,JS38300.hea,0,0,5000,head_tail
seg_006727,JS38303.hea,0,0,5000,head_tail
seg_006728,JS38304.hea,0,0,5000,head_tail
seg_006729,JS38305.hea,0,0,5000,head_tail
seg_006731,JS38307.hea,0,0,5000,head_tail
seg_006733,JS38309.hea,0,0,5000,head_tail
seg_006734,JS38310.hea,0,0,5000,head_tail
seg_006736,JS38312.hea,0,0,5000,head_tail
seg_006737,JS38313.hea,0,0,5000,head_tail
seg_006739,JS38315.hea,0,0,5000,head_tail
seg_006741,JS38317.hea,0,0,5000,head_tail
seg_006742,JS38318.hea,0,0,5000,head_tail
seg_006743,JS38319.hea,0,0,5000,head_tail
seg_006745,JS38321.hea,0,0,5000,head_tail
seg_006747,JS38323.hea,0,0,5000,head_tail
seg_006748,JS38324.hea,0,0,5000,head_tail
seg_006749,JS38325.hea,0,0,5000,head_tail
seg_006752,JS38328.hea,0,0,5000,head_tail
seg_006753,JS38329.hea,0,0,5000,head_tail
seg_006754,JS38330.hea,0,0,5000,head_tail
seg_006756,JS38332.hea,0,0,5000,head_tail
seg_006758,JS38334.hea,0,0,5000,head_tail
seg_006759,JS38335.hea,0,0,5000,head_tail
seg_006761,JS38337.hea,0,0,5000,head_tail
seg_006762,JS38338.hea,0,0,5000,head_tail
seg_006764,JS38340.hea,0,0,5000,head_tail
seg_006766,JS38342.hea,0,0,5000,head_tail
seg_006767,JS38343.hea,0,0,5000,head_tail
seg_006768,JS38344.hea,0,0,5000,head_tail
seg_006771,JS38347.hea,0,0,5000,head_tail
seg_006772,JS38348.hea,0,0,5000,head_tail
seg_006773,JS38349.hea,0,0,5000,head_tail
seg_006774,JS38350.hea,0,0,5000,head_tail
seg_006776,JS38352.hea,0,0,5000,head_tail
seg_006778,JS38354.hea,0,0,5000,head_tail
seg_006779,JS38355.hea,0,0,5000,head_tail
seg_006781,JS38357.hea,0,0,5000,head_tail
seg_006783,JS38359.hea,0,0,5000,head_tail
seg_006784,JS38360.hea,0,0,5000,head_tail
seg_006786,JS38362.hea,0,0,5000,head_tail
seg_006787,JS38363.hea,0,0,5000,head_tail
seg_006788,JS38364.hea,0,0,5000,head_tail
seg_006789,JS38365.hea,0,0,5000,head_tail
seg_006792,JS38368.hea,0,0,5000,head_tail
seg_006793,JS38369.hea,0,0,5000,head_tail
seg_006794,JS38370.hea,0,0,5000,head_tail
seg_006796,JS38372.hea,0,0,5000,head_tail
seg_006798,JS38374.hea,0,0,5000,head_tail
seg_006799,JS38375.hea,0,0,5000,head_tail
seg_006801,JS38377.hea,0,0,5000,head_tail
seg_006802,JS38378.hea,0,0,5000,head_tail
seg_006803,JS38379.hea,0,0,5000,head_tail
seg_006806,JS38382.hea,0,0,5000,head_tail
seg_006807,JS38383.hea,0,0,5000,head_tail
seg_006808,JS38384.hea,0,0,5000,head_tail
seg_006809,JS38385.hea,0,0,5000,head_tail
seg_006812,JS38388.hea,0,0,5000,head_tail
seg_006814,JS38390.hea,0,0,5000,head_tail
seg_006816,JS38392.hea,0,0,5000,head_tail
seg_006817,JS38393.hea,0,0,5000,head_tail
seg_006818,JS38394.hea,0,0,5000,head_tail
seg_006819,JS38395.hea,0,0,5000,head_tail
seg_006822,JS38398.hea,0,0,5000,head_tail
seg_006823,JS38399.hea,0,0,5000,head_tail
seg_006824,JS38400.hea,0,0,5000,head_tail
seg_006825,JS38401.hea,0,0,5000,head_tail
seg_006828,JS38404.hea,0,0,5000,head_tail
seg_006829,JS38405.hea,0,0,5000,head_tail
seg_006830,JS38406.hea,0,0,5000,head_tail
seg_006832,JS38408.hea,0,0,5000,head_tail
seg_006834,JS38410.hea,0,0,5000,head_tail
seg_006835,JS38411.hea,0,0,5000,head_tail
seg_006837,JS38413.hea,0,0,5000,head_tail
seg_006839,JS38415.hea,0,0,5000,head_tail
seg_006841,JS38417.hea,0,0,5000,head_tail
seg_006842,JS38418.hea,0,0,5000,head_tail
seg_006843,JS38419.hea,0,0,5000,head_tail
seg_006846,JS38422.hea,0,0,5000,head_tail
seg_006847,JS38423.hea,0,0,5000,head_tail
seg_006848,JS38424.hea,0,0,5000,head_tail
seg_006849,JS38425.hea,0,0,5000,head_tail
seg_006852,JS38428.hea,0,0,5000,head_tail
seg_006853,JS38429.hea,0,0,5000,head_tail
seg_006854,JS38430.hea,0,0,5000,head_tail
seg_006855,JS38431.hea,0,0,5000,head_tail
seg_006858,JS38434.hea,0,0,5000,head_tail
seg_006859,JS38435.hea,0,0,5000,head_tail
seg_006861,JS38437.hea,0,0,5000,head_tail
seg_006862,JS38438.hea,0,0,5000,head_tail
seg_006864,JS38440.hea,0,0,5000,head_tail
seg_006866,JS38442.hea,0,0,5000,head_tail
seg_006867,JS38443.hea,0,0,5000,head_tail
seg_006868,JS38444.hea,0,0,5000,head_tail
seg_006871,JS38447.hea,0,0,5000,head_tail
seg_006872,JS38448.hea,0,0,5000,head_tail
seg_006873,JS38449.hea,0,0,5000,head_tail
seg_006874,JS38450.hea,0,0,5000,head_tail
seg_006877,JS38453.hea,0,0,5000,head_tail
seg_006878,JS38454.hea,0,0,5000,head_tail
seg_006879,JS38455.hea,0,0,5000,head_tail
seg_006881,JS38457.hea,0,0,5000,head_tail
seg_006883,JS38459.hea,0,0,5000,head_tail
seg_006884,JS38460.hea,0,0,5000,head_tail
seg_006886,JS38462.hea,0,0,5000,head_tail
seg_006887,JS38463.hea,0,0,5000,head_tail
seg_006889,JS38465.hea,0,0,5000,head_tail
seg_006890,JS38466.hea,0,0,5000,head_tail
seg_006892,JS38468.hea,0,0,5000,head_tail
seg_006893,JS38469.hea,0,0,5000,head_tail
seg_006895,JS38471.hea,0,0,5000,head_tail
seg_006897,JS38473.hea,0,0,5000,head_tail
seg_006898,JS38474.hea,0,0,5000,head_tail
seg_006899,JS38475.hea,0,0,5000,head_tail
seg_006900,JS38476.hea,0,0,5000,head_tail
seg_006903,JS38479.hea,0,0,5000,head_tail
seg_006904,JS38480.hea,0,0,5000,head_tail
seg_006906,JS38482.hea,0,0,5000,head_tail
seg_006908,JS38484.hea,0,0,5000,head_tail
seg_006909,JS38485.hea,0,0,5000,head_tail
seg_006911,JS38487.hea,0,0,5000,head_tail
seg_006912,JS38488.hea,0,0,5000,head_tail
seg_006914,JS38490.hea,0,0,5000,head_tail
seg_006916,JS38492.hea,0,0,5000,head_tail
seg_006917,JS38493.hea,0,0,5000,head_tail
seg_006918,JS38494.hea,0,0,5000,head_tail
seg_006921,JS38497.hea,0,0,5000,head_tail
seg_006922,JS38498.hea,0,0,5000,head_tail
seg_006923,JS38499.hea,0,0,5000,head_tail
seg_006924,JS38500.hea,0,0,5000,head_tail
seg_006926,JS38502.hea,0,0,5000,head_tail
seg_006928,JS38504.hea,0,0,5000,head_tail
seg_006929,JS38505.hea,0,0,5000,head_tail
seg_006931,JS38507.hea,0,0,5000,head_tail
seg_006933,JS38509.hea,0,0,5000,head_tail
seg_006934,JS38510.hea,0,0,5000,head_tail
seg_006936,JS38512.hea,0,0,5000,head_tail
seg_006937,JS38513.hea,0,0,5000,head_tail
seg_006939,JS38515.hea,0,0,5000,head_tail
seg_006941,JS38517.hea,0,0,5000,head_tail
seg_006942,JS38518.hea,0,0,5000,head_tail
seg_006943,JS38519.hea,0,0,5000,head_tail
seg_006946,JS38522.hea,0,0,5000,head_tail
seg_006947,JS38523.hea,0,0,5000,head_tail
seg_006948,JS38524.hea,0,0,5000,head_tail
seg_006949,JS38525.hea,0,0,5000,head_tail
seg_006951,JS38527.hea,0,0,5000,head_tail
seg_006953,JS38529.hea,0,0,5000,head_tail
seg_006954,JS38530.hea,0,0,5000,head_tail
seg_006956,JS38532.hea,0,0,5000,head_tail
seg_006958,JS38534.hea,0,0,5000,head_tail
seg_006959,JS38535.hea,0,0,5000,head_tail
seg_006961,JS38537.hea,0,0,5000,head_tail
seg_006962,JS38538.hea,0,0,5000,head_tail
seg_006963,JS38539.hea,0,0,5000,head_tail
seg_006965,JS38541.hea,0,0,5000,head_tail
seg_006967,JS38543.hea,0,0,5000,head_tail
seg_006968,JS38544.hea,0,0,5000,head_tail
seg_006969,JS38545.hea,0,0,5000,head_tail
seg_006971,JS38547.hea,0,0,5000,head_tail
seg_006973,JS38549.hea,0,0,5000,head_tail
seg_006974,JS38550.hea,0,0,5000,head_tail
seg_006975,JS38551.hea,0,0,5000,head_tail
seg_006978,JS38554.hea,0,0,5000,head_tail
seg_006979,JS38555.hea,0,0,5000,head_tail
seg_006980,JS38556.hea,0,0,5000,head_tail
seg_006983,JS38559.hea,0,0,5000,head_tail
seg_006984,JS38560.hea,0,0,5000,head_tail
seg_006985,JS38561.hea,0,0,5000,head_tail
seg_006986,JS38562.hea,0,0,5000,head_tail
seg_006989,JS38565.hea,0,0,5000,head_tail
seg_006991,JS38567.hea,0,0,5000,head_tail
seg_006992,JS38568.hea,0,0,5000,head_tail
seg_006993,JS38569.hea,0,0,5000,head_tail
seg_006994,JS38570.hea,0,0,5000,head_tail
seg_006997,JS38573.hea,0,0,5000,head_tail
seg_006998,JS38574.hea,0,0,5000,head_tail
seg_006999,JS38575.hea,0,0,5000,head_tail
seg_007002,JS38578.hea,0,0,5000,head_tail
seg_007003,JS38579.hea,0,0,5000,head_tail
seg_007004,JS38580.hea,0,0,5000,head_tail
seg_007006,JS38582.hea,0,0,5000,head_tail
seg_007008,JS38584.hea,0,0,5000,head_tail
seg_007009,JS38585.hea,0,0,5000,head_tail
seg_007011,JS38587.hea,0,0,5000,head_tail
seg_007012,JS38588.hea,0,0,5000,head_tail
seg_007013,JS38589.hea,0,0,5000,head_tail
seg_007016,JS38592.hea,0,0,5000,head_tail
seg_007017,JS38593.hea,0,0,5000,head_tail
seg_007018,JS38594.hea,0,0,5000,head_tail
seg_007021,JS38597.hea,0,0,5000,head_tail
seg_007022,JS38598.hea,0,0,5000,head_tail
seg_007023,JS38599.hea,0,0,5000,head_tail
seg_007024,JS38600.hea,0,0,5000,head_tail
seg_007027,JS38603.hea,0,0,5000,head_tail
seg_007028,JS38604.hea,0,0,5000,head_tail
seg_007029,JS38605.hea,0,0,5000,head_tail
seg_007030,JS38606.hea,0,0,5000,head_tail
seg_007032,JS38608.hea,0,0,5000,head_tail
seg_007034,JS38610.hea,0,0,5000,head_tail
seg_007036,JS38612.hea,0,0,5000,head_tail
seg_007037,JS38613.hea,0,0,5000,head_tail
seg_007038,JS38614.hea,0,0,5000,head_tail
seg_007041,JS38617.hea,0,0,5000,head_tail
seg_007042,JS38618.hea,0,0,5000,head_tail
seg_007043,JS38619.hea,0,0,5000,head_tail
seg_007045,JS38621.hea,0,0,5000,head_tail
seg_007047,JS38623.hea,0,0,5000,head_tail
seg_007048,JS38624.hea,0,0,5000,head_tail
seg_007049,JS38625.hea,0,0,5000,head_tail
seg_007050,JS38626.hea,0,0,5000,head_tail
seg_007053,JS38629.hea,0,0,5000,head_tail
seg_007054,JS38630.hea,0,0,5000,head_tail
seg_007055,JS38631.hea,0,0,5000,head_tail
seg_007057,JS38633.hea,0,0,5000,head_tail
seg_007059,JS38635.hea,0,0,5000,head_tail
seg_007060,JS38636.hea,0,0,5000,head_tail
seg_007061,JS38637.hea,0,0,5000,head_tail
seg_007062,JS38638.hea,0,0,5000,head_tail
seg_007066,JS38642.hea,0,0,5000,head_tail
seg_007067,JS38643.hea,0,0,5000,head_tail
seg_007068,JS38644.hea,0,0,5000,head_tail
seg_007069,JS38645.hea,0,0,5000,head_tail
seg_007070,JS38646.hea,0,0,5000,head_tail
seg_007073,JS38649.hea,0,0,5000,head_tail
seg_007074,JS38650.hea,0,0,5000,head_tail
seg_007076,JS38652.hea,0,0,5000,head_tail
seg_007077,JS38653.hea,0,0,5000,head_tail
seg_007079,JS38655.hea,0,0,5000,head_tail
seg_007081,JS38657.hea,0,0,5000,head_tail
seg_007082,JS38658.hea,0,0,5000,head_tail
seg_007083,JS38659.hea,0,0,5000,head_tail
seg_007086,JS38662.hea,0,0,5000,head_tail
seg_007087,JS38663.hea,0,0,5000,head_tail
seg_007089,JS38665.hea,0,0,5000,head_tail
seg_007091,JS38667.hea,0,0,5000,head_tail
seg_007092,JS38668.hea,0,0,5000,head_tail
seg_007093,JS38669.hea,0,0,5000,head_tail
seg_007096,JS38672.hea,0,0,5000,head_tail
seg_007097,JS38673.hea,0,0,5000,head_tail
seg_007098,JS38674.hea,0,0,5000,head_tail
seg_007099,JS38675.hea,0,0,5000,head_tail
seg_007101,JS38677.hea,0,0,5000,head_tail
seg_007103,JS38679.hea,0,0,5000,head_tail
seg_007104,JS38680.hea,0,0,5000,head_tail
seg_007105,JS38681.hea,0,0,5000,head_tail
seg_007107,JS38683.hea,0,0,5000,head_tail
seg_007109,JS38685.hea,0,0,5000,head_tail
seg_007110,JS38686.hea,0,0,5000,head_tail
seg_007112,JS38688.hea,0,0,5000,head_tail
seg_007113,JS38689.hea,0,0,5000,head_tail
seg_007114,JS38690.hea,0,0,5000,head_tail
seg_007117,JS38693.hea,0,0,5000,head_tail
seg_007118,JS38694.hea,0,0,5000,head_tail
seg_007119,JS38695.hea,0,0,5000,head_tail
seg_007120,JS38696.hea,0,0,5000,head_tail
seg_007122,JS38698.hea,0,0,5000,head_tail
seg_007124,JS38700.hea,0,0,5000,head_tail
seg_007127,JS38703.hea,0,0,5000,head_tail
seg_007128,JS38704.hea,0,0,5000,head_tail
seg_007129,JS38705.hea,0,0,5000,head_tail
seg_007130,JS38706.hea,0,0,5000,head_tail
seg_007133,JS38709.hea,0,0,5000,head_tail
seg_007134,JS38710.hea,0,0,5000,head_tail
seg_007135,JS38711.hea,0,0,5000,head_tail
seg_007136,JS38712.hea,0,0,5000,head_tail
seg_007138,JS38714.hea,0,0,5000,head_tail
seg_007140,JS38716.hea,0,0,5000,head_tail
seg_007141,JS38717.hea,0,0,5000,head_tail
seg_007142,JS38718.hea,0,0,5000,head_tail
seg_007145,JS38721.hea,0,0,5000,head_tail
seg_007146,JS38722.hea,0,0,5000,head_tail
seg_007147,JS38723.hea,0,0,5000,head_tail
seg_007148,JS38724.hea,0,0,5000,head_tail
seg_007152,JS38728.hea,0,0,5000,head_tail
seg_007153,JS38729.hea,0,0,5000,head_tail
seg_007154,JS38730.hea,0,0,5000,head_tail
seg_007156,JS38732.hea,0,0,5000,head_tail
seg_007158,JS38734.hea,0,0,5000,head_tail
seg_007159,JS38735.hea,0,0,5000,head_tail
seg_007161,JS38737.hea,0,0,5000,head_tail
seg_007162,JS38738.hea,0,0,5000,head_tail
seg_007163,JS38739.hea,0,0,5000,head_tail
seg_007165,JS38741.hea,0,0,5000,head_tail
seg_007167,JS38743.hea,0,0,5000,head_tail
seg_007168,JS38744.hea,0,0,5000,head_tail
seg_007169,JS38745.hea,0,0,5000,head_tail
seg_007172,JS38748.hea,0,0,5000,head_tail
seg_007173,JS38749.hea,0,0,5000,head_tail
seg_007174,JS38750.hea,0,0,5000,head_tail
seg_007177,JS38753.hea,0,0,5000,head_tail
seg_007178,JS38754.hea,0,0,5000,head_tail
seg_007179,JS38755.hea,0,0,5000,head_tail
seg_007180,JS38756.hea,0,0,5000,head_tail
seg_007182,JS38758.hea,0,0,5000,head_tail
seg_007184,JS38760.hea,0,0,5000,head_tail
seg_007185,JS38761.hea,0,0,5000,head_tail
seg_007186,JS38762.hea,0,0,5000,head_tail
seg_007189,JS38765.hea,0,0,5000,head_tail
seg_007191,JS38767.hea,0,0,5000,head_tail
seg_007192,JS38768.hea,0,0,5000,head_tail
seg_007193,JS38769.hea,0,0,5000,head_tail
seg_007195,JS38771.hea,0,0,5000,head_tail
seg_007196,JS38772.hea,0,0,5000,head_tail
seg_007198,JS38774.hea,0,0,5000,head_tail
seg_007199,JS38775.hea,0,0,5000,head_tail
seg_007202,JS38778.hea,0,0,5000,head_tail
seg_007203,JS38779.hea,0,0,5000,head_tail
seg_007204,JS38780.hea,0,0,5000,head_tail
seg_007205,JS38781.hea,0,0,5000,head_tail
seg_007208,JS38784.hea,0,0,5000,head_tail
seg_007209,JS38785.hea,0,0,5000,head_tail
seg_007211,JS38787.hea,0,0,5000,head_tail
seg_007212,JS38788.hea,0,0,5000,head_tail
seg_007214,JS38790.hea,0,0,5000,head_tail
seg_007215,JS38791.hea,0,0,5000,head_tail
seg_007217,JS38793.hea,0,0,5000,head_tail
seg_007218,JS38794.hea,0,0,5000,head_tail
seg_007219,JS38795.hea,0,0,5000,head_tail
seg_007222,JS38798.hea,0,0,5000,head_tail
seg_007223,JS38799.hea,0,0,5000,head_tail
seg_007224,JS38800.hea,0,0,5000,head_tail
seg_007227,JS38803.hea,0,0,5000,head_tail
seg_007228,JS38804.hea,0,0,5000,head_tail
seg_007229,JS38805.hea,0,0,5000,head_tail
seg_007231,JS38807.hea,0,0,5000,head_tail
seg_007233,JS38809.hea,0,0,5000,head_tail
seg_007234,JS38810.hea,0,0,5000,head_tail
seg_007235,JS38811.hea,0,0,5000,head_tail
seg_007237,JS38813.hea,0,0,5000,head_tail
seg_007238,JS38814.hea,0,0,5000,head_tail
seg_007240,JS38816.hea,0,0,5000,head_tail
seg_007242,JS38818.hea,0,0,5000,head_tail
seg_007243,JS38819.hea,0,0,5000,head_tail
seg_007244,JS38820.hea,0,0,5000,head_tail
seg_007247,JS38823.hea,0,0,5000,head_tail
seg_007248,JS38824.hea,0,0,5000,head_tail
seg_007249,JS38825.hea,0,0,5000,head_tail
seg_007252,JS38828.hea,0,0,5000,head_tail
seg_007253,JS38829.hea,0,0,5000,head_tail
seg_007254,JS38830.hea,0,0,5000,head_tail
seg_007255,JS38831.hea,0,0,5000,head_tail
seg_007257,JS38833.hea,0,0,5000,head_tail
seg_007259,JS38835.hea,0,0,5000,head_tail
seg_007260,JS38836.hea,0,0,5000,head_tail
seg_007262,JS38838.hea,0,0,5000,head_tail
seg_007263,JS38839.hea,0,0,5000,head_tail
seg_007266,JS38842.hea,0,0,5000,head_tail
seg_007267,JS38843.hea,0,0,5000,head_tail
seg_007268,JS38844.hea,0,0,5000,head_tail
seg_007269,JS38845.hea,0,0,5000,head_tail
seg_007271,JS38847.hea,0,0,5000,head_tail
seg_007272,JS38848.hea,0,0,5000,head_tail
seg_007274,JS38850.hea,0,0,5000,head_tail
seg_007275,JS38851.hea,0,0,5000,head_tail
seg_007277,JS38853.hea,0,0,5000,head_tail
seg_007278,JS38854.hea,0,0,5000,head_tail
seg_007279,JS38855.hea,0,0,5000,head_tail
seg_007283,JS38859.hea,0,0,5000,head_tail
seg_007284,JS38860.hea,0,0,5000,head_tail
seg_007285,JS38861.hea,0,0,5000,head_tail
seg_007287,JS38863.hea,0,0,5000,head_tail
seg_007289,JS38865.hea,0,0,5000,head_tail
seg_007290,JS38866.hea,0,0,5000,head_tail
seg_007291,JS38867.hea,0,0,5000,head_tail
seg_007293,JS38869.hea,0,0,5000,head_tail
seg_007295,JS38871.hea,0,0,5000,head_tail
seg_007296,JS38872.hea,0,0,5000,head_tail
seg_007297,JS38873.hea,0,0,5000,head_tail
seg_007299,JS38875.hea,0,0,5000,head_tail
seg_007302,JS38878.hea,0,0,5000,head_tail
seg_007303,JS38879.hea,0,0,5000,head_tail
seg_007304,JS38880.hea,0,0,5000,head_tail
seg_007305,JS38881.hea,0,0,5000,head_tail
seg_007308,JS38884.hea,0,0,5000,head_tail
seg_007309,JS38885.hea,0,0,5000,head_tail
seg_007311,JS38887.hea,0,0,5000,head_tail
seg_007312,JS38888.hea,0,0,5000,head_tail
seg_007314,JS38890.hea,0,0,5000,head_tail
seg_007315,JS38891.hea,0,0,5000,head_tail
seg_007317,JS38893.hea,0,0,5000,head_tail
seg_007318,JS38894.hea,0,0,5000,head_tail
seg_007320,JS38896.hea,0,0,5000,head_tail
seg_007322,JS38898.hea,0,0,5000,head_tail
seg_007323,JS38899.hea,0,0,5000,head_tail
seg_007324,JS38900.hea,0,0,5000,head_tail
seg_007326,JS38902.hea,0,0,5000,head_tail
seg_007328,JS38904.hea,0,0,5000,head_tail
seg_007329,JS38905.hea,0,0,5000,head_tail
seg_007331,JS38907.hea,0,0,5000,head_tail
seg_007332,JS38908.hea,0,0,5000,head_tail
seg_007334,JS38910.hea,0,0,5000,head_tail
seg_007336,JS38912.hea,0,0,5000,head_tail
seg_007337,JS38913.hea,0,0,5000,head_tail
seg_007338,JS38914.hea,0,0,5000,head_tail
seg_007339,JS38915.hea,0,0,5000,head_tail
seg_007342,JS38918.hea,0,0,5000,head_tail
seg_007343,JS38919.hea,0,0,5000,head_tail
seg_007344,JS38920.hea,0,0,5000,head_tail
seg_007345,JS38921.hea,0,0,5000,head_tail
seg_007348,JS38924.hea,0,0,5000,head_tail
seg_007349,JS38925.hea,0,0,5000,head_tail
seg_007351,JS38927.hea,0,0,5000,head_tail
seg_007352,JS38928.hea,0,0,5000,head_tail
seg_007354,JS38930.hea,0,0,5000,head_tail
seg_007355,JS38931.hea,0,0,5000,head_tail
seg_007357,JS38933.hea,0,0,5000,head_tail
seg_007358,JS38934.hea,0,0,5000,head_tail
seg_007360,JS38936.hea,0,0,5000,head_tail
seg_007362,JS38938.hea,0,0,5000,head_tail
seg_007364,JS38940.hea,0,0,5000,head_tail
seg_007366,JS38942.hea,0,0,5000,head_tail
seg_007367,JS38943.hea,0,0,5000,head_tail
seg_007368,JS38944.hea,0,0,5000,head_tail
seg_007370,JS38946.hea,0,0,5000,head_tail
seg_007372,JS38948.hea,0,0,5000,head_tail
seg_007373,JS38949.hea,0,0,5000,head_tail
seg_007374,JS38950.hea,0,0,5000,head_tail
seg_007377,JS38953.hea,0,0,5000,head_tail
seg_007378,JS38954.hea,0,0,5000,head_tail
seg_007379,JS38955.hea,0,0,5000,head_tail
seg_007380,JS38956.hea,0,0,5000,head_tail
seg_007383,JS38959.hea,0,0,5000,head_tail
seg_007384,JS38960.hea,0,0,5000,head_tail
seg_007385,JS38961.hea,0,0,5000,head_tail
seg_007387,JS38963.hea,0,0,5000,head_tail
seg_007388,JS38964.hea,0,0,5000,head_tail
seg_007390,JS38966.hea,0,0,5000,head_tail
seg_007391,JS38967.hea,0,0,5000,head_tail
seg_007393,JS38969.hea,0,0,5000,head_tail
seg_007394,JS38970.hea,0,0,5000,head_tail
seg_007396,JS38972.hea,0,0,5000,head_tail
seg_007398,JS38974.hea,0,0,5000,head_tail
seg_007399,JS38975.hea,0,0,5000,head_tail
seg_007400,JS38976.hea,0,0,5000,head_tail
seg_007403,JS38979.hea,0,0,5000,head_tail
seg_007404,JS38980.hea,0,0,5000,head_tail
seg_007405,JS38981.hea,0,0,5000,head_tail
seg_007408,JS38984.hea,0,0,5000,head_tail
seg_007409,JS38985.hea,0,0,5000,head_tail
seg_007410,JS38986.hea,0,0,5000,head_tail
seg_007412,JS38988.hea,0,0,5000,head_tail
seg_007413,JS38989.hea,0,0,5000,head_tail
seg_007416,JS38992.hea,0,0,5000,head_tail
seg_007417,JS38993.hea,0,0,5000,head_tail
seg_007418,JS38994.hea,0,0,5000,head_tail
seg_007419,JS38995.hea,0,0,5000,head_tail
seg_007422,JS38998.hea,0,0,5000,head_tail
seg_007423,JS38999.hea,0,0,5000,head_tail
seg_007424,JS39000.hea,0,0,5000,head_tail
seg_007427,JS39003.hea,0,0,5000,head_tail
seg_007428,JS39004.hea,0,0,5000,head_tail
seg_007429,JS39005.hea,0,0,5000,head_tail
seg_007431,JS39007.hea,0,0,5000,head_tail
seg_007433,JS39009.hea,0,0,5000,head_tail
seg_007434,JS39010.hea,0,0,5000,head_tail
seg_007436,JS39012.hea,0,0,5000,head_tail
seg_007437,JS39013.hea,0,0,5000,head_tail
seg_007439,JS39015.hea,0,0,5000,head_tail
seg_007440,JS39016.hea,0,0,5000,head_tail
seg_007442,JS39018.hea,0,0,5000,head_tail
seg_007443,JS39019.hea,0,0,5000,head_tail
seg_007445,JS39021.hea,0,0,5000,head_tail
seg_007447,JS39023.hea,0,0,5000,head_tail
seg_007448,JS39024.hea,0,0,5000,head_tail
seg_007449,JS39025.hea,0,0,5000,head_tail
seg_007452,JS39028.hea,0,0,5000,head_tail
seg_007453,JS39029.hea,0,0,5000,head_tail
seg_007454,JS39030.hea,0,0,5000,head_tail
seg_007456,JS39032.hea,0,0,5000,head_tail
seg_007458,JS39034.hea,0,0,5000,head_tail
seg_007459,JS39035.hea,0,0,5000,head_tail
seg_007461,JS39037.hea,0,0,5000,head_tail
seg_007462,JS39038.hea,0,0,5000,head_tail
seg_007464,JS39040.hea,0,0,5000,head_tail
seg_007466,JS39042.hea,0,0,5000,head_tail
seg_007467,JS39043.hea,0,0,5000,head_tail
seg_007468,JS39044.hea,0,0,5000,head_tail
seg_007469,JS39045.hea,0,0,5000,head_tail
seg_007471,JS39047.hea,0,0,5000,head_tail
seg_007473,JS39049.hea,0,0,5000,head_tail
seg_007474,JS39050.hea,0,0,5000,head_tail
seg_007476,JS39052.hea,0,0,5000,head_tail
seg_007478,JS39054.hea,0,0,5000,head_tail
seg_007479,JS39055.hea,0,0,5000,head_tail
seg_007480,JS39056.hea,0,0,5000,head_tail
seg_007483,JS39059.hea,0,0,5000,head_tail
seg_007484,JS39060.hea,0,0,5000,head_tail
seg_007485,JS39061.hea,0,0,5000,head_tail
seg_007487,JS39063.hea,0,0,5000,head_tail
seg_007488,JS39064.hea,0,0,5000,head_tail
seg_007490,JS39066.hea,0,0,5000,head_tail
seg_007491,JS39067.hea,0,0,5000,head_tail
seg_007492,JS39068.hea,0,0,5000,head_tail
seg_007495,JS39071.hea,0,0,5000,head_tail
seg_007497,JS39073.hea,0,0,5000,head_tail
seg_007498,JS39074.hea,0,0,5000,head_tail
seg_007499,JS39075.hea,0,0,5000,head_tail
seg_007501,JS39077.hea,0,0,5000,head_tail
seg_007503,JS39079.hea,0,0,5000,head_tail
seg_007504,JS39080.hea,0,0,5000,head_tail
seg_007506,JS39082.hea,0,0,5000,head_tail
seg_007507,JS39083.hea,0,0,5000,head_tail
seg_007509,JS39085.hea,0,0,5000,head_tail
seg_007511,JS39087.hea,0,0,5000,head_tail
seg_007512,JS39088.hea,0,0,5000,head_tail
seg_007514,JS39090.hea,0,0,5000,head_tail
seg_007515,JS39091.hea,0,0,5000,head_tail
seg_007517,JS39093.hea,0,0,5000,head_tail
seg_007518,JS39094.hea,0,0,5000,head_tail
seg_007519,JS39095.hea,0,0,5000,head_tail
seg_007522,JS39098.hea,0,0,5000,head_tail
seg_007523,JS39099.hea,0,0,5000,head_tail
seg_007524,JS39100.hea,0,0,5000,head_tail
seg_007527,JS39103.hea,0,0,5000,head_tail
seg_007528,JS39104.hea,0,0,5000,head_tail
seg_007529,JS39105.hea,0,0,5000,head_tail
seg_007531,JS39107.hea,0,0,5000,head_tail
seg_007533,JS39109.hea,0,0,5000,head_tail
seg_007534,JS39110.hea,0,0,5000,head_tail
seg_007536,JS39112.hea,0,0,5000,head_tail
seg_007537,JS39113.hea,0,0,5000,head_tail
seg_007538,JS39114.hea,0,0,5000,head_tail
seg_007539,JS39115.hea,0,0,5000,head_tail
seg_007542,JS39118.hea,0,0,5000,head_tail
seg_007543,JS39119.hea,0,0,5000,head_tail
seg_007544,JS39120.hea,0,0,5000,head_tail
seg_007547,JS39123.hea,0,0,5000,head_tail
seg_007548,JS39124.hea,0,0,5000,head_tail
seg_007549,JS39125.hea,0,0,5000,head_tail
seg_007552,JS39128.hea,0,0,5000,head_tail
seg_007553,JS39129.hea,0,0,5000,head_tail
seg_007554,JS39130.hea,0,0,5000,head_tail
seg_007556,JS39132.hea,0,0,5000,head_tail
seg_007557,JS39133.hea,0,0,5000,head_tail
seg_007559,JS39135.hea,0,0,5000,head_tail
seg_007561,JS39137.hea,0,0,5000,head_tail
seg_007562,JS39138.hea,0,0,5000,head_tail
seg_007564,JS39140.hea,0,0,5000,head_tail
seg_007565,JS39141.hea,0,0,5000,head_tail
seg_007567,JS39143.hea,0,0,5000,head_tail
seg_007568,JS39144.hea,0,0,5000,head_tail
seg_007569,JS39145.hea,0,0,5000,head_tail
seg_007572,JS39148.hea,0,0,5000,head_tail
seg_007573,JS39149.hea,0,0,5000,head_tail
seg_007574,JS39150.hea,0,0,5000,head_tail
seg_007577,JS39153.hea,0,0,5000,head_tail
seg_007578,JS39154.hea,0,0,5000,head_tail
seg_007579,JS39155.hea,0,0,5000,head_tail
seg_007580,JS39156.hea,0,0,5000,head_tail
seg_007583,JS39159.hea,0,0,5000,head_tail
seg_007584,JS39160.hea,0,0,5000,head_tail
seg_007586,JS39162.hea,0,0,5000,head_tail
seg_007587,JS39163.hea,0,0,5000,head_tail
seg_007588,JS39164.hea,0,0,5000,head_tail
seg_007589,JS39165.hea,0,0,5000,head_tail
seg_007592,JS39168.hea,0,0,5000,head_tail
seg_007593,JS39169.hea,0,0,5000,head_tail
seg_007594,JS39170.hea,0,0,5000,head_tail
seg_007596,JS39172.hea,0,0,5000,head_tail
seg_007597,JS39173.hea,0,0,5000,head_tail
seg_007599,JS39175.hea,0,0,5000,head_tail
seg_007601,JS39177.hea,0,0,5000,head_tail
seg_007602,JS39178.hea,0,0,5000,head_tail
seg_007603,JS39179.hea,0,0,5000,head_tail
seg_007606,JS39182.hea,0,0,5000,head_tail
seg_007608,JS39184.hea,0,0,5000,head_tail
seg_007609,JS39185.hea,0,0,5000,head_tail
seg_007610,JS39186.hea,0,0,5000,head_tail
seg_007612,JS39188.hea,0,0,5000,head_tail
seg_007614,JS39190.hea,0,0,5000,head_tail
seg_007616,JS39192.hea,0,0,5000,head_tail
seg_007617,JS39193.hea,0,0,5000,head_tail
seg_007618,JS39194.hea,0,0,5000,head_tail
seg_007619,JS39195.hea,0,0,5000,head_tail
seg_007622,JS39198.hea,0,0,5000,head_tail
seg_007623,JS39199.hea,0,0,5000,head_tail
seg_007624,JS39200.hea,0,0,5000,head_tail
seg_007627,JS39203.hea,0,0,5000,head_tail
seg_007628,JS39204.hea,0,0,5000,head_tail
seg_007629,JS39205.hea,0,0,5000,head_tail
seg_007631,JS39207.hea,0,0,5000,head_tail
seg_007633,JS39209.hea,0,0,5000,head_tail
seg_007634,JS39210.hea,0,0,5000,head_tail
seg_007636,JS39212.hea,0,0,5000,head_tail
seg_007637,JS39213.hea,0,0,5000,head_tail
seg_007639,JS39215.hea,0,0,5000,head_tail
seg_007640,JS39216.hea,0,0,5000,head_tail
seg_007642,JS39218.hea,0,0,5000,head_tail
seg_007643,JS39219.hea,0,0,5000,head_tail
seg_007645,JS39221.hea,0,0,5000,head_tail
seg_007647,JS39223.hea,0,0,5000,head_tail
seg_007648,JS39224.hea,0,0,5000,head_tail
seg_007649,JS39225.hea,0,0,5000,head_tail
seg_007652,JS39228.hea,0,0,5000,head_tail
seg_007653,JS39229.hea,0,0,5000,head_tail
seg_007654,JS39230.hea,0,0,5000,head_tail
seg_007656,JS39232.hea,0,0,5000,head_tail
seg_007657,JS39233.hea,0,0,5000,head_tail
seg_007659,JS39235.hea,0,0,5000,head_tail
seg_007660,JS39236.hea,0,0,5000,head_tail
seg_007662,JS39238.hea,0,0,5000,head_tail
seg_007663,JS39239.hea,0,0,5000,head_tail
seg_007666,JS39242.hea,0,0,5000,head_tail
seg_007667,JS39243.hea,0,0,5000,head_tail
seg_007668,JS39244.hea,0,0,5000,head_tail
seg_007669,JS39245.hea,0,0,5000,head_tail
seg_007672,JS39248.hea,0,0,5000,head_tail
seg_007673,JS39249.hea,0,0,5000,head_tail
seg_007674,JS39250.hea,0,0,5000,head_tail
seg_007677,JS39253.hea,0,0,5000,head_tail
seg_007678,JS39254.hea,0,0,5000,head_tail
seg_007679,JS39255.hea,0,0,5000,head_tail
seg_007680,JS39256.hea,0,0,5000,head_tail
seg_007683,JS39259.hea,0,0,5000,head_tail
seg_007684,JS39260.hea,0,0,5000,head_tail
seg_007685,JS39261.hea,0,0,5000,head_tail
seg_007687,JS39263.hea,0,0,5000,head_tail
seg_007689,JS39265.hea,0,0,5000,head_tail
seg_007690,JS39266.hea,0,0,5000,head_tail
seg_007691,JS39267.hea,0,0,5000,head_tail
seg_007692,JS39268.hea,0,0,5000,head_tail
seg_007695,JS39271.hea,0,0,5000,head_tail
seg_007696,JS39272.hea,0,0,5000,head_tail
seg_007698,JS39274.hea,0,0,5000,head_tail
seg_007699,JS39275.hea,0,0,5000,head_tail
seg_007701,JS39277.hea,0,0,5000,head_tail
seg_007703,JS39279.hea,0,0,5000,head_tail
seg_007704,JS39280.hea,0,0,5000,head_tail
seg_007705,JS39281.hea,0,0,5000,head_tail
seg_007708,JS39284.hea,0,0,5000,head_tail
seg_007709,JS39285.hea,0,0,5000,head_tail
seg_007711,JS39287.hea,0,0,5000,head_tail
seg_007712,JS39288.hea,0,0,5000,head_tail
seg_007714,JS39290.hea,0,0,5000,head_tail
seg_007716,JS39292.hea,0,0,5000,head_tail
seg_007717,JS39293.hea,0,0,5000,head_tail
seg_007718,JS39294.hea,0,0,5000,head_tail
seg_007719,JS39295.hea,0,0,5000,head_tail
seg_007722,JS39298.hea,0,0,5000,head_tail
seg_007723,JS39299.hea,0,0,5000,head_tail
seg_007724,JS39300.hea,0,0,5000,head_tail
seg_007727,JS39303.hea,0,0,5000,head_tail
seg_007728,JS39304.hea,0,0,5000,head_tail
seg_007729,JS39305.hea,0,0,5000,head_tail
seg_007731,JS39307.hea,0,0,5000,head_tail
seg_007732,JS39308.hea,0,0,5000,head_tail
seg_007734,JS39310.hea,0,0,5000,head_tail
seg_007736,JS39312.hea,0,0,5000,head_tail
seg_007737,JS39313.hea,0,0,5000,head_tail
seg_007739,JS39315.hea,0,0,5000,head_tail
seg_007741,JS39317.hea,0,0,5000,head_tail
seg_007742,JS39318.hea,0,0,5000,head_tail
seg_007743,JS39319.hea,0,0,5000,head_tail
seg_007744,JS39320.hea,0,0,5000,head_tail
seg_007747,JS39323.hea,0,0,5000,head_tail
seg_007748,JS39324.hea,0,0,5000,head_tail
seg_007749,JS39325.hea,0,0,5000,head_tail
seg_007751,JS39327.hea,0,0,5000,head_tail
seg_007753,JS39329.hea,0,0,5000,head_tail
seg_007754,JS39330.hea,0,0,5000,head_tail
seg_007756,JS39332.hea,0,0,5000,head_tail
seg_007758,JS39334.hea,0,0,5000,head_tail
seg_007759,JS39335.hea,0,0,5000,head_tail
seg_007761,JS39337.hea,0,0,5000,head_tail
seg_007762,JS39338.hea,0,0,5000,head_tail
seg_007764,JS39340.hea,0,0,5000,head_tail
seg_007766,JS39342.hea,0,0,5000,head_tail
seg_007767,JS39343.hea,0,0,5000,head_tail
seg_007768,JS39344.hea,0,0,5000,head_tail
seg_007770,JS39346.hea,0,0,5000,head_tail
seg_007772,JS39348.hea,0,0,5000,head_tail
seg_007773,JS39349.hea,0,0,5000,head_tail
seg_007774,JS39350.hea,0,0,5000,head_tail
seg_007775,JS39351.hea,0,0,5000,head_tail
seg_007778,JS39354.hea,0,0,5000,head_tail
seg_007779,JS39355.hea,0,0,5000,head_tail
seg_007781,JS39357.hea,0,0,5000,head_tail
seg_007783,JS39359.hea,0,0,5000,head_tail
seg_007784,JS39360.hea,0,0,5000,head_tail
seg_007785,JS39361.hea,0,0,5000,head_tail
seg_007787,JS39363.hea,0,0,5000,head_tail
seg_007789,JS39365.hea,0,0,5000,head_tail
seg_007790,JS39366.hea,0,0,5000,head_tail
seg_007792,JS39368.hea,0,0,5000,head_tail
seg_007793,JS39369.hea,0,0,5000,head_tail
seg_007795,JS39371.hea,0,0,5000,head_tail
seg_007796,JS39372.hea,0,0,5000,head_tail
seg_007798,JS39374.hea,0,0,5000,head_tail
seg_007799,JS39375.hea,0,0,5000,head_tail
seg_007801,JS39377.hea,0,0,5000,head_tail
seg_007803,JS39379.hea,0,0,5000,head_tail
seg_007804,JS39380.hea,0,0,5000,head_tail
seg_007805,JS39381.hea,0,0,5000,head_tail
seg_007807,JS39383.hea,0,0,5000,head_tail
seg_007809,JS39385.hea,0,0,5000,head_tail
seg_007811,JS39387.hea,0,0,5000,head_tail
seg_007812,JS39388.hea,0,0,5000,head_tail
seg_007814,JS39390.hea,0,0,5000,head_tail
seg_007816,JS39392.hea,0,0,5000,head_tail
seg_007817,JS39393.hea,0,0,5000,head_tail
seg_007818,JS39394.hea,0,0,5000,head_tail
seg_007819,JS39395.hea,0,0,5000,head_tail
seg_007822,JS39398.hea,0,0,5000,head_tail
seg_007823,JS39399.hea,0,0,5000,head_tail
seg_007824,JS39400.hea,0,0,5000,head_tail
seg_007827,JS39403.hea,0,0,5000,head_tail
seg_007828,JS39404.hea,0,0,5000,head_tail
seg_007829,JS39405.hea,0,0,5000,head_tail
seg_007831,JS39407.hea,0,0,5000,head_tail
seg_007833,JS39409.hea,0,0,5000,head_tail
seg_007834,JS39410.hea,0,0,5000,head_tail
seg_007836,JS39412.hea,0,0,5000,head_tail
seg_007837,JS39413.hea,0,0,5000,head_tail
seg_007839,JS39415.hea,0,0,5000,head_tail
seg_007840,JS39416.hea,0,0,5000,head_tail
seg_007842,JS39418.hea,0,0,5000,head_tail
seg_007843,JS39419.hea,0,0,5000,head_tail
seg_007845,JS39421.hea,0,0,5000,head_tail
seg_007847,JS39423.hea,0,0,5000,head_tail
seg_007848,JS39424.hea,0,0,5000,head_tail
seg_007849,JS39425.hea,0,0,5000,head_tail
seg_007852,JS39428.hea,0,0,5000,head_tail
seg_007853,JS39429.hea,0,0,5000,head_tail
seg_007854,JS39430.hea,0,0,5000,head_tail
seg_007856,JS39432.hea,0,0,5000,head_tail
seg_007857,JS39433.hea,0,0,5000,head_tail
seg_007858,JS39434.hea,0,0,5000,head_tail
seg_007860,JS39436.hea,0,0,5000,head_tail
seg_007862,JS39438.hea,0,0,5000,head_tail
seg_007864,JS39440.hea,0,0,5000,head_tail
seg_007866,JS39442.hea,0,0,5000,head_tail
seg_007867,JS39443.hea,0,0,5000,head_tail
seg_007868,JS39444.hea,0,0,5000,head_tail
seg_007869,JS39445.hea,0,0,5000,head_tail
seg_007872,JS39448.hea,0,0,5000,head_tail
seg_007873,JS39449.hea,0,0,5000,head_tail
seg_007874,JS39450.hea,0,0,5000,head_tail
seg_007877,JS39453.hea,0,0,5000,head_tail
seg_007878,JS39454.hea,0,0,5000,head_tail
seg_007879,JS39455.hea,0,0,5000,head_tail
seg_007881,JS39457.hea,0,0,5000,head_tail
seg_007883,JS39459.hea,0,0,5000,head_tail
seg_007884,JS39460.hea,0,0,5000,head_tail
seg_007885,JS39461.hea,0,0,5000,head_tail
seg_007887,JS39463.hea,0,0,5000,head_tail
seg_007888,JS39464.hea,0,0,5000,head_tail
seg_007890,JS39466.hea,0,0,5000,head_tail
seg_007892,JS39468.hea,0,0,5000,head_tail
seg_007893,JS39469.hea,0,0,5000,head_tail
seg_007894,JS39470.hea,0,0,5000,head_tail
seg_007897,JS39473.hea,0,0,5000,head_tail
seg_007898,JS39474.hea,0,0,5000,head_tail
seg_007899,JS39475.hea,0,0,5000,head_tail
seg_007901,JS39477.hea,0,0,5000,head_tail
seg_007903,JS39479.hea,0,0,5000,head_tail
seg_007904,JS39480.hea,0,0,5000,head_tail
seg_007905,JS39481.hea,0,0,5000,head_tail
seg_007907,JS39483.hea,0,0,5000,head_tail
seg_007908,JS39484.hea,0,0,5000,head_tail
seg_007910,JS39486.hea,0,0,5000,head_tail
seg_007912,JS39488.hea,0,0,5000,head_tail
seg_007913,JS39489.hea,0,0,5000,head_tail
seg_007914,JS39490.hea,0,0,5000,head_tail
seg_007917,JS39493.hea,0,0,5000,head_tail
seg_007918,JS39494.hea,0,0,5000,head_tail
seg_007919,JS39495.hea,0,0,5000,head_tail
seg_007920,JS39496.hea,0,0,5000,head_tail
seg_007922,JS39498.hea,0,0,5000,head_tail
seg_007923,JS39499.hea,0,0,5000,head_tail
seg_007925,JS39501.hea,0,0,5000,head_tail
seg_007928,JS39504.hea,0,0,5000,head_tail
seg_007929,JS39505.hea,0,0,5000,head_tail
seg_007930,JS39506.hea,0,0,5000,head_tail
seg_007933,JS39509.hea,0,0,5000,head_tail
seg_007934,JS39510.hea,0,0,5000,head_tail
seg_007935,JS39511.hea,0,0,5000,head_tail
seg_007937,JS39513.hea,0,0,5000,head_tail
seg_007939,JS39515.hea,0,0,5000,head_tail
seg_007941,JS39517.hea,0,0,5000,head_tail
seg_007942,JS39518.hea,0,0,5000,head_tail
seg_007943,JS39519.hea,0,0,5000,head_tail
seg_007944,JS39520.hea,0,0,5000,head_tail
seg_007947,JS39523.hea,0,0,5000,head_tail
seg_007948,JS39524.hea,0,0,5000,head_tail
seg_007949,JS39525.hea,0,0,5000,head_tail
seg_007952,JS39528.hea,0,0,5000,head_tail
seg_007953,JS39529.hea,0,0,5000,head_tail
seg_007954,JS39530.hea,0,0,5000,head_tail
seg_007955,JS39531.hea,0,0,5000,head_tail
seg_007957,JS39533.hea,0,0,5000,head_tail
seg_007959,JS39535.hea,0,0,5000,head_tail
seg_007960,JS39536.hea,0,0,5000,head_tail
seg_007962,JS39538.hea,0,0,5000,head_tail
seg_007963,JS39539.hea,0,0,5000,head_tail
seg_007965,JS39541.hea,0,0,5000,head_tail
seg_007967,JS39543.hea,0,0,5000,head_tail
seg_007968,JS39544.hea,0,0,5000,head_tail
seg_007971,JS39547.hea,0,0,5000,head_tail
seg_007972,JS39548.hea,0,0,5000,head_tail
seg_007973,JS39549.hea,0,0,5000,head_tail
seg_007974,JS39550.hea,0,0,5000,head_tail
seg_007975,JS39551.hea,0,0,5000,head_tail
seg_007978,JS39554.hea,0,0,5000,head_tail
seg_007979,JS39555.hea,0,0,5000,head_tail
seg_007980,JS39556.hea,0,0,5000,head_tail
seg_007983,JS39559.hea,0,0,5000,head_tail
seg_007984,JS39560.hea,0,0,5000,head_tail
seg_007985,JS39561.hea,0,0,5000,head_tail
seg_007986,JS39562.hea,0,0,5000,head_tail
seg_007988,JS39564.hea,0,0,5000,head_tail
seg_007990,JS39566.hea,0,0,5000,head_tail
seg_007992,JS39568.hea,0,0,5000,head_tail
seg_007993,JS39569.hea,0,0,5000,head_tail
seg_007994,JS39570.hea,0,0,5000,head_tail
seg_007997,JS39573.hea,0,0,5000,head_tail
seg_007998,JS39574.hea,0,0,5000,head_tail
seg_007999,JS39575.hea,0,0,5000,head_tail
seg_008002,JS39578.hea,0,0,5000,head_tail
seg_008003,JS39579.hea,0,0,5000,head_tail
seg_008004,JS39580.hea,0,0,5000,head_tail
seg_008006,JS39582.hea,0,0,5000,head_tail
seg_008008,JS39584.hea,0,0,5000,head_tail
seg_008009,JS39585.hea,0,0,5000,head_tail
seg_008011,JS39587.hea,0,0,5000,head_tail
seg_008012,JS39588.hea,0,0,5000,head_tail
seg_008014,JS39590.hea,0,0,5000,head_tail
seg_008016,JS39592.hea,0,0,5000,head_tail
seg_008017,JS39593.hea,0,0,5000,head_tail
seg_008018,JS39594.hea,0,0,5000,head_tail
seg_008019,JS39595.hea,0,0,5000,head_tail
seg_008022,JS39598.hea,0,0,5000,head_tail
seg_008023,JS39599.hea,0,0,5000,head_tail
seg_008024,JS39600.hea,0,0,5000,head_tail
seg_008026,JS39602.hea,0,0,5000,head_tail
seg_008028,JS39604.hea,0,0,5000,head_tail
seg_008029,JS39605.hea,0,0,5000,head_tail
seg_008031,JS39607.hea,0,0,5000,head_tail
seg_008032,JS39608.hea,0,0,5000,head_tail
seg_008034,JS39610.hea,0,0,5000,head_tail
seg_008036,JS39612.hea,0,0,5000,head_tail
seg_008037,JS39613.hea,0,0,5000,head_tail
seg_008038,JS39614.hea,0,0,5000,head_tail
seg_008041,JS39617.hea,0,0,5000,head_tail
seg_008042,JS39618.hea,0,0,5000,head_tail
seg_008043,JS39619.hea,0,0,5000,head_tail
seg_008044,JS39620.hea,0,0,5000,head_tail
seg_008046,JS39622.hea,0,0,5000,head_tail
seg_008047,JS39623.hea,0,0,5000,head_tail
seg_008049,JS39625.hea,0,0,5000,head_tail
seg_008051,JS39627.hea,0,0,5000,head_tail
seg_008053,JS39629.hea,0,0,5000,head_tail
seg_008054,JS39630.hea,0,0,5000,head_tail
seg_008055,JS39631.hea,0,0,5000,head_tail
seg_008056,JS39632.hea,0,0,5000,head_tail
seg_008059,JS39635.hea,0,0,5000,head_tail
seg_008061,JS39637.hea,0,0,5000,head_tail
seg_008062,JS39638.hea,0,0,5000,head_tail
seg_008063,JS39639.hea,0,0,5000,head_tail
seg_008065,JS39641.hea,0,0,5000,head_tail
seg_008067,JS39643.hea,0,0,5000,head_tail
seg_008068,JS39644.hea,0,0,5000,head_tail
seg_008071,JS39647.hea,0,0,5000,head_tail
seg_008072,JS39648.hea,0,0,5000,head_tail
seg_008073,JS39649.hea,0,0,5000,head_tail
seg_008074,JS39650.hea,0,0,5000,head_tail
seg_008077,JS39653.hea,0,0,5000,head_tail
seg_008078,JS39654.hea,0,0,5000,head_tail
seg_008079,JS39655.hea,0,0,5000,head_tail
seg_008081,JS39657.hea,0,0,5000,head_tail
seg_008083,JS39659.hea,0,0,5000,head_tail
seg_008084,JS39660.hea,0,0,5000,head_tail
seg_008086,JS39662.hea,0,0,5000,head_tail
seg_008087,JS39663.hea,0,0,5000,head_tail
seg_008089,JS39665.hea,0,0,5000,head_tail
seg_008090,JS39666.hea,0,0,5000,head_tail
seg_008092,JS39668.hea,0,0,5000,head_tail
seg_008093,JS39669.hea,0,0,5000,head_tail
seg_008095,JS39671.hea,0,0,5000,head_tail
seg_008097,JS39673.hea,0,0,5000,head_tail
seg_008098,JS39674.hea,0,0,5000,head_tail
seg_008099,JS39675.hea,0,0,5000,head_tail
seg_008100,JS39676.hea,0,0,5000,head_tail
seg_008103,JS39679.hea,0,0,5000,head_tail
seg_008104,JS39680.hea,0,0,5000,head_tail
seg_008106,JS39682.hea,0,0,5000,head_tail
seg_008107,JS39683.hea,0,0,5000,head_tail
seg_008109,JS39685.hea,0,0,5000,head_tail
seg_008110,JS39686.hea,0,0,5000,head_tail
seg_008112,JS39688.hea,0,0,5000,head_tail
seg_008113,JS39689.hea,0,0,5000,head_tail
seg_008115,JS39691.hea,0,0,5000,head_tail
seg_008117,JS39693.hea,0,0,5000,head_tail
seg_008118,JS39694.hea,0,0,5000,head_tail
seg_008119,JS39695.hea,0,0,5000,head_tail
seg_008122,JS39698.hea,0,0,5000,head_tail
seg_008123,JS39699.hea,0,0,5000,head_tail
seg_008124,JS39700.hea,0,0,5000,head_tail
seg_008125,JS39701.hea,0,0,5000,head_tail
seg_008128,JS39704.hea,0,0,5000,head_tail
seg_008129,JS39705.hea,0,0,5000,head_tail
seg_008130,JS39706.hea,0,0,5000,head_tail
seg_008132,JS39708.hea,0,0,5000,head_tail
seg_008134,JS39710.hea,0,0,5000,head_tail
seg_008135,JS39711.hea,0,0,5000,head_tail
seg_008136,JS39712.hea,0,0,5000,head_tail
seg_008138,JS39714.hea,0,0,5000,head_tail
seg_008139,JS39715.hea,0,0,5000,head_tail
seg_008141,JS39717.hea,0,0,5000,head_tail
seg_008143,JS39719.hea,0,0,5000,head_tail
seg_008145,JS39721.hea,0,0,5000,head_tail
seg_008146,JS39722.hea,0,0,5000,head_tail
seg_008147,JS39723.hea,0,0,5000,head_tail
seg_008148,JS39724.hea,0,0,5000,head_tail
seg_008151,JS39727.hea,0,0,5000,head_tail
seg_008152,JS39728.hea,0,0,5000,head_tail
seg_008153,JS39729.hea,0,0,5000,head_tail
seg_008156,JS39732.hea,0,0,5000,head_tail
seg_008158,JS39734.hea,0,0,5000,head_tail
seg_008159,JS39735.hea,0,0,5000,head_tail
seg_008160,JS39736.hea,0,0,5000,head_tail
seg_008162,JS39738.hea,0,0,5000,head_tail
seg_008164,JS39740.hea,0,0,5000,head_tail
seg_008166,JS39742.hea,0,0,5000,head_tail
seg_008167,JS39743.hea,0,0,5000,head_tail
seg_008168,JS39744.hea,0,0,5000,head_tail
seg_008171,JS39747.hea,0,0,5000,head_tail
seg_008172,JS39748.hea,0,0,5000,head_tail
seg_008173,JS39749.hea,0,0,5000,head_tail
seg_008174,JS39750.hea,0,0,5000,head_tail
seg_008177,JS39753.hea,0,0,5000,head_tail
seg_008178,JS39754.hea,0,0,5000,head_tail
seg_008179,JS39755.hea,0,0,5000,head_tail
seg_008180,JS39756.hea,0,0,5000,head_tail
seg_008183,JS39759.hea,0,0,5000,head_tail
seg_008184,JS39760.hea,0,0,5000,head_tail
seg_008185,JS39761.hea,0,0,5000,head_tail
seg_008187,JS39763.hea,0,0,5000,head_tail
seg_008188,JS39764.hea,0,0,5000,head_tail
seg_008189,JS39765.hea,0,0,5000,head_tail
seg_008192,JS39768.hea,0,0,5000,head_tail
seg_008193,JS39769.hea,0,0,5000,head_tail
seg_008196,JS39772.hea,0,0,5000,head_tail
seg_008197,JS39773.hea,0,0,5000,head_tail
seg_008198,JS39774.hea,0,0,5000,head_tail
seg_008199,JS39775.hea,0,0,5000,head_tail
seg_008202,JS39778.hea,0,0,5000,head_tail
seg_008203,JS39779.hea,0,0,5000,head_tail
seg_008204,JS39780.hea,0,0,5000,head_tail
seg_008206,JS39782.hea,0,0,5000,head_tail
seg_008208,JS39784.hea,0,0,5000,head_tail
seg_008209,JS39785.hea,0,0,5000,head_tail
seg_008210,JS39786.hea,0,0,5000,head_tail
seg_008212,JS39788.hea,0,0,5000,head_tail
seg_008214,JS39790.hea,0,0,5000,head_tail
seg_008216,JS39792.hea,0,0,5000,head_tail
seg_008217,JS39793.hea,0,0,5000,head_tail
seg_008218,JS39794.hea,0,0,5000,head_tail
seg_008219,JS39795.hea,0,0,5000,head_tail
seg_008222,JS39798.hea,0,0,5000,head_tail
seg_008223,JS39799.hea,0,0,5000,head_tail
seg_008224,JS39800.hea,0,0,5000,head_tail
seg_008225,JS39801.hea,0,0,5000,head_tail
seg_008228,JS39804.hea,0,0,5000,head_tail
seg_008229,JS39805.hea,0,0,5000,head_tail
seg_008231,JS39807.hea,0,0,5000,head_tail
seg_008233,JS39809.hea,0,0,5000,head_tail
seg_008234,JS39810.hea,0,0,5000,head_tail
seg_008235,JS39811.hea,0,0,5000,head_tail
seg_008237,JS39813.hea,0,0,5000,head_tail
seg_008238,JS39814.hea,0,0,5000,head_tail
seg_008239,JS39815.hea,0,0,5000,head_tail
seg_008241,JS39817.hea,0,0,5000,head_tail
seg_008243,JS39819.hea,0,0,5000,head_tail
seg_008244,JS39820.hea,0,0,5000,head_tail
seg_008246,JS39822.hea,0,0,5000,head_tail
seg_008247,JS39823.hea,0,0,5000,head_tail
seg_008249,JS39825.hea,0,0,5000,head_tail
seg_008251,JS39827.hea,0,0,5000,head_tail
seg_008252,JS39828.hea,0,0,5000,head_tail
seg_008253,JS39829.hea,0,0,5000,head_tail
seg_008255,JS39831.hea,0,0,5000,head_tail
seg_008258,JS39834.hea,0,0,5000,head_tail
seg_008259,JS39835.hea,0,0,5000,head_tail
seg_008261,JS39837.hea,0,0,5000,head_tail
seg_008262,JS39838.hea,0,0,5000,head_tail
seg_008264,JS39840.hea,0,0,5000,head_tail
seg_008266,JS39842.hea,0,0,5000,head_tail
seg_008267,JS39843.hea,0,0,5000,head_tail
seg_008268,JS39844.hea,0,0,5000,head_tail
seg_008270,JS39846.hea,0,0,5000,head_tail
seg_008272,JS39848.hea,0,0,5000,head_tail
seg_008273,JS39849.hea,0,0,5000,head_tail
seg_008274,JS39850.hea,0,0,5000,head_tail
seg_008277,JS39853.hea,0,0,5000,head_tail
seg_008278,JS39854.hea,0,0,5000,head_tail
seg_008279,JS39855.hea,0,0,5000,head_tail
seg_008280,JS39856.hea,0,0,5000,head_tail
seg_008282,JS39858.hea,0,0,5000,head_tail
seg_008284,JS39860.hea,0,0,5000,head_tail
seg_008286,JS39862.hea,0,0,5000,head_tail
seg_008287,JS39863.hea,0,0,5000,head_tail
seg_008289,JS39865.hea,0,0,5000,head_tail
seg_008290,JS39866.hea,0,0,5000,head_tail
seg_008292,JS39868.hea,0,0,5000,head_tail
seg_008293,JS39869.hea,0,0,5000,head_tail
seg_008294,JS39870.hea,0,0,5000,head_tail
seg_008297,JS39873.hea,0,0,5000,head_tail
seg_008298,JS39874.hea,0,0,5000,head_tail
seg_008299,JS39875.hea,0,0,5000,head_tail
seg_008300,JS39876.hea,0,0,5000,head_tail
seg_008302,JS39878.hea,0,0,5000,head_tail
seg_008304,JS39880.hea,0,0,5000,head_tail
seg_008305,JS39881.hea,0,0,5000,head_tail
seg_008306,JS39882.hea,0,0,5000,head_tail
seg_008309,JS39885.hea,0,0,5000,head_tail
seg_008310,JS39886.hea,0,0,5000,head_tail
seg_008311,JS39887.hea,0,0,5000,head_tail
seg_008313,JS39889.hea,0,0,5000,head_tail
seg_008316,JS39892.hea,0,0,5000,head_tail
seg_008317,JS39893.hea,0,0,5000,head_tail
seg_008318,JS39894.hea,0,0,5000,head_tail
seg_008320,JS39896.hea,0,0,5000,head_tail
seg_008322,JS39898.hea,0,0,5000,head_tail
seg_008323,JS39899.hea,0,0,5000,head_tail
seg_008324,JS39900.hea,0,0,5000,head_tail
seg_008326,JS39902.hea,0,0,5000,head_tail
seg_008328,JS39904.hea,0,0,5000,head_tail
seg_008329,JS39905.hea,0,0,5000,head_tail
seg_008330,JS39906.hea,0,0,5000,head_tail
seg_008332,JS39908.hea,0,0,5000,head_tail
seg_008334,JS39910.hea,0,0,5000,head_tail
seg_008336,JS39912.hea,0,0,5000,head_tail
seg_008337,JS39913.hea,0,0,5000,head_tail
seg_008338,JS39914.hea,0,0,5000,head_tail
seg_008341,JS39917.hea,0,0,5000,head_tail
seg_008342,JS39918.hea,0,0,5000,head_tail
seg_008343,JS39919.hea,0,0,5000,head_tail
seg_008346,JS39922.hea,0,0,5000,head_tail
seg_008347,JS39923.hea,0,0,5000,head_tail
seg_008348,JS39924.hea,0,0,5000,head_tail
seg_008349,JS39925.hea,0,0,5000,head_tail
seg_008352,JS39928.hea,0,0,5000,head_tail
seg_008353,JS39929.hea,0,0,5000,head_tail
seg_008354,JS39930.hea,0,0,5000,head_tail
seg_008355,JS39931.hea,0,0,5000,head_tail
seg_008358,JS39934.hea,0,0,5000,head_tail
seg_008359,JS39935.hea,0,0,5000,head_tail
seg_008361,JS39937.hea,0,0,5000,head_tail
seg_008362,JS39938.hea,0,0,5000,head_tail
seg_008363,JS39939.hea,0,0,5000,head_tail
seg_008366,JS39942.hea,0,0,5000,head_tail
seg_008367,JS39943.hea,0,0,5000,head_tail
seg_008368,JS39944.hea,0,0,5000,head_tail
seg_008369,JS39945.hea,0,0,5000,head_tail
seg_008372,JS39948.hea,0,0,5000,head_tail
seg_008373,JS39949.hea,0,0,5000,head_tail
seg_008374,JS39950.hea,0,0,5000,head_tail
seg_008376,JS39952.hea,0,0,5000,head_tail
seg_008378,JS39954.hea,0,0,5000,head_tail
seg_008379,JS39955.hea,0,0,5000,head_tail
seg_008380,JS39956.hea,0,0,5000,head_tail
seg_008382,JS39958.hea,0,0,5000,head_tail
seg_008383,JS39959.hea,0,0,5000,head_tail
seg_008386,JS39962.hea,0,0,5000,head_tail
seg_008387,JS39963.hea,0,0,5000,head_tail
seg_008388,JS39964.hea,0,0,5000,head_tail
seg_008389,JS39965.hea,0,0,5000,head_tail
seg_008392,JS39968.hea,0,0,5000,head_tail
seg_008393,JS39969.hea,0,0,5000,head_tail
seg_008394,JS39970.hea,0,0,5000,head_tail
seg_008396,JS39972.hea,0,0,5000,head_tail
seg_008397,JS39973.hea,0,0,5000,head_tail
seg_008399,JS39975.hea,0,0,5000,head_tail
seg_008401,JS39977.hea,0,0,5000,head_tail
seg_008402,JS39978.hea,0,0,5000,head_tail
seg_008403,JS39979.hea,0,0,5000,head_tail
seg_008406,JS39982.hea,0,0,5000,head_tail
seg_008407,JS39983.hea,0,0,5000,head_tail
seg_008408,JS39984.hea,0,0,5000,head_tail
seg_008409,JS39985.hea,0,0,5000,head_tail
seg_008411,JS39987.hea,0,0,5000,head_tail
seg_008413,JS39989.hea,0,0,5000,head_tail
seg_008414,JS39990.hea,0,0,5000,head_tail
seg_008416,JS39992.hea,0,0,5000,head_tail
seg_008417,JS39993.hea,0,0,5000,head_tail
seg_008419,JS39995.hea,0,0,5000,head_tail
seg_008421,JS39997.hea,0,0,5000,head_tail
seg_008422,JS39998.hea,0,0,5000,head_tail
seg_008423,JS39999.hea,0,0,5000,head_tail
seg_008425,JS40001.hea,0,0,5000,head_tail
seg_008427,JS40003.hea,0,0,5000,head_tail
seg_008428,JS40004.hea,0,0,5000,head_tail
seg_008430,JS40006.hea,0,0,5000,head_tail
seg_008431,JS40007.hea,0,0,5000,head_tail
seg_008434,JS40010.hea,0,0,5000,head_tail
seg_008435,JS40011.hea,0,0,5000,head_tail
seg_008436,JS40012.hea,0,0,5000,head_tail
seg_008437,JS40013.hea,0,0,5000,head_tail
seg_008439,JS40015.hea,0,0,5000,head_tail
seg_008441,JS40017.hea,0,0,5000,head_tail
seg_008442,JS40018.hea,0,0,5000,head_tail
seg_008445,JS40021.hea,0,0,5000,head_tail
seg_008446,JS40022.hea,0,0,5000,head_tail
seg_008447,JS40023.hea,0,0,5000,head_tail
seg_008448,JS40024.hea,0,0,5000,head_tail
seg_008452,JS40028.hea,0,0,5000,head_tail
seg_008453,JS40029.hea,0,0,5000,head_tail
seg_008454,JS40030.hea,0,0,5000,head_tail
seg_008455,JS40031.hea,0,0,5000,head_tail
seg_008458,JS40034.hea,0,0,5000,head_tail
seg_008459,JS40035.hea,0,0,5000,head_tail
seg_008460,JS40036.hea,0,0,5000,head_tail
seg_008462,JS40038.hea,0,0,5000,head_tail
seg_008464,JS40040.hea,0,0,5000,head_tail
seg_008466,JS40042.hea,0,0,5000,head_tail
seg_008467,JS40043.hea,0,0,5000,head_tail
seg_008468,JS40044.hea,0,0,5000,head_tail
seg_008469,JS40045.hea,0,0,5000,head_tail
seg_008472,JS40048.hea,0,0,5000,head_tail
seg_008473,JS40049.hea,0,0,5000,head_tail
seg_008474,JS40050.hea,0,0,5000,head_tail
seg_008475,JS40051.hea,0,0,5000,head_tail
seg_008478,JS40054.hea,0,0,5000,head_tail
seg_008479,JS40055.hea,0,0,5000,head_tail
seg_008481,JS40057.hea,0,0,5000,head_tail
seg_008483,JS40059.hea,0,0,5000,head_tail
seg_008484,JS40060.hea,0,0,5000,head_tail
seg_008485,JS40061.hea,0,0,5000,head_tail
seg_008487,JS40063.hea,0,0,5000,head_tail
seg_008489,JS40065.hea,0,0,5000,head_tail
seg_008490,JS40066.hea,0,0,5000,head_tail
seg_008492,JS40068.hea,0,0,5000,head_tail
seg_008493,JS40069.hea,0,0,5000,head_tail
seg_008495,JS40071.hea,0,0,5000,head_tail
seg_008497,JS40073.hea,0,0,5000,head_tail
seg_008498,JS40074.hea,0,0,5000,head_tail
seg_008499,JS40075.hea,0,0,5000,head_tail
seg_008501,JS40077.hea,0,0,5000,head_tail
seg_008503,JS40079.hea,0,0,5000,head_tail
seg_008504,JS40080.hea,0,0,5000,head_tail
seg_008506,JS40082.hea,0,0,5000,head_tail
seg_008507,JS40083.hea,0,0,5000,head_tail
seg_008508,JS40084.hea,0,0,5000,head_tail
seg_008511,JS40087.hea,0,0,5000,head_tail
seg_008512,JS40088.hea,0,0,5000,head_tail
seg_008513,JS40089.hea,0,0,5000,head_tail
seg_008514,JS40090.hea,0,0,5000,head_tail
seg_008517,JS40093.hea,0,0,5000,head_tail
seg_008518,JS40094.hea,0,0,5000,head_tail
seg_008519,JS40095.hea,0,0,5000,head_tail
seg_008521,JS40097.hea,0,0,5000,head_tail
seg_008522,JS40098.hea,0,0,5000,head_tail
seg_008524,JS40100.hea,0,0,5000,head_tail
seg_008527,JS40103.hea,0,0,5000,head_tail
seg_008528,JS40104.hea,0,0,5000,head_tail
seg_008529,JS40105.hea,0,0,5000,head_tail
seg_008530,JS40106.hea,0,0,5000,head_tail
seg_008533,JS40109.hea,0,0,5000,head_tail
seg_008534,JS40110.hea,0,0,5000,head_tail
seg_008535,JS40111.hea,0,0,5000,head_tail
seg_008537,JS40113.hea,0,0,5000,head_tail
seg_008539,JS40115.hea,0,0,5000,head_tail
seg_008540,JS40116.hea,0,0,5000,head_tail
seg_008541,JS40117.hea,0,0,5000,head_tail
seg_008542,JS40118.hea,0,0,5000,head_tail
seg_008545,JS40121.hea,0,0,5000,head_tail
seg_008546,JS40122.hea,0,0,5000,head_tail
seg_008547,JS40123.hea,0,0,5000,head_tail
seg_008549,JS40125.hea,0,0,5000,head_tail
seg_008551,JS40127.hea,0,0,5000,head_tail
seg_008553,JS40129.hea,0,0,5000,head_tail
seg_008554,JS40130.hea,0,0,5000,head_tail
seg_008556,JS40132.hea,0,0,5000,head_tail
seg_008558,JS40134.hea,0,0,5000,head_tail
seg_008559,JS40135.hea,0,0,5000,head_tail
seg_008560,JS40136.hea,0,0,5000,head_tail
seg_008562,JS40138.hea,0,0,5000,head_tail
seg_008564,JS40140.hea,0,0,5000,head_tail
seg_008565,JS40141.hea,0,0,5000,head_tail
seg_008567,JS40143.hea,0,0,5000,head_tail
seg_008568,JS40144.hea,0,0,5000,head_tail
seg_008569,JS40145.hea,0,0,5000,head_tail
seg_008572,JS40148.hea,0,0,5000,head_tail
seg_008573,JS40149.hea,0,0,5000,head_tail
seg_008574,JS40150.hea,0,0,5000,head_tail
seg_008577,JS40153.hea,0,0,5000,head_tail
seg_008578,JS40154.hea,0,0,5000,head_tail
seg_008579,JS40155.hea,0,0,5000,head_tail
seg_008580,JS40156.hea,0,0,5000,head_tail
seg_008583,JS40159.hea,0,0,5000,head_tail
seg_008584,JS40160.hea,0,0,5000,head_tail
seg_008586,JS40162.hea,0,0,5000,head_tail
seg_008587,JS40163.hea,0,0,5000,head_tail
seg_008589,JS40165.hea,0,0,5000,head_tail
seg_008590,JS40166.hea,0,0,5000,head_tail
seg_008592,JS40168.hea,0,0,5000,head_tail
seg_008593,JS40169.hea,0,0,5000,head_tail
seg_008596,JS40172.hea,0,0,5000,head_tail
seg_008597,JS40173.hea,0,0,5000,head_tail
seg_008598,JS40174.hea,0,0,5000,head_tail
seg_008599,JS40175.hea,0,0,5000,head_tail
seg_008601,JS40177.hea,0,0,5000,head_tail
seg_008603,JS40179.hea,0,0,5000,head_tail
seg_008604,JS40180.hea,0,0,5000,head_tail
seg_008606,JS40182.hea,0,0,5000,head_tail
seg_008607,JS40183.hea,0,0,5000,head_tail
seg_008608,JS40184.hea,0,0,5000,head_tail
seg_008610,JS40186.hea,0,0,5000,head_tail
seg_008612,JS40188.hea,0,0,5000,head_tail
seg_008613,JS40189.hea,0,0,5000,head_tail
seg_008616,JS40192.hea,0,0,5000,head_tail
seg_008617,JS40193.hea,0,0,5000,head_tail
seg_008618,JS40194.hea,0,0,5000,head_tail
seg_008620,JS40196.hea,0,0,5000,head_tail
seg_008621,JS40197.hea,0,0,5000,head_tail
seg_008623,JS40199.hea,0,0,5000,head_tail
seg_008624,JS40200.hea,0,0,5000,head_tail
seg_008626,JS40202.hea,0,0,5000,head_tail
seg_008628,JS40204.hea,0,0,5000,head_tail
seg_008629,JS40205.hea,0,0,5000,head_tail
seg_008631,JS40207.hea,0,0,5000,head_tail
seg_008633,JS40209.hea,0,0,5000,head_tail
seg_008634,JS40210.hea,0,0,5000,head_tail
seg_008635,JS40211.hea,0,0,5000,head_tail
seg_008637,JS40213.hea,0,0,5000,head_tail
seg_008639,JS40215.hea,0,0,5000,head_tail
seg_008640,JS40216.hea,0,0,5000,head_tail
seg_008642,JS40218.hea,0,0,5000,head_tail
seg_008643,JS40219.hea,0,0,5000,head_tail
seg_008646,JS40222.hea,0,0,5000,head_tail
seg_008647,JS40223.hea,0,0,5000,head_tail
seg_008648,JS40224.hea,0,0,5000,head_tail
seg_008649,JS40225.hea,0,0,5000,head_tail
seg_008650,JS40226.hea,0,0,5000,head_tail
seg_008653,JS40229.hea,0,0,5000,head_tail
seg_008654,JS40230.hea,0,0,5000,head_tail
seg_008655,JS40231.hea,0,0,5000,head_tail
seg_008657,JS40233.hea,0,0,5000,head_tail
seg_008659,JS40235.hea,0,0,5000,head_tail
seg_008661,JS40237.hea,0,0,5000,head_tail
seg_008662,JS40238.hea,0,0,5000,head_tail
seg_008663,JS40239.hea,0,0,5000,head_tail
seg_008666,JS40242.hea,0,0,5000,head_tail
seg_008667,JS40243.hea,0,0,5000,head_tail
seg_008668,JS40244.hea,0,0,5000,head_tail
seg_008669,JS40245.hea,0,0,5000,head_tail
seg_008671,JS40247.hea,0,0,5000,head_tail
seg_008673,JS40249.hea,0,0,5000,head_tail
seg_008674,JS40250.hea,0,0,5000,head_tail
seg_008676,JS40252.hea,0,0,5000,head_tail
seg_008677,JS40253.hea,0,0,5000,head_tail
seg_008679,JS40255.hea,0,0,5000,head_tail
seg_008681,JS40257.hea,0,0,5000,head_tail
seg_008682,JS40258.hea,0,0,5000,head_tail
seg_008683,JS40259.hea,0,0,5000,head_tail
seg_008686,JS40262.hea,0,0,5000,head_tail
seg_008687,JS40263.hea,0,0,5000,head_tail
seg_008688,JS40264.hea,0,0,5000,head_tail
seg_008689,JS40265.hea,0,0,5000,head_tail
seg_008691,JS40267.hea,0,0,5000,head_tail
seg_008693,JS40269.hea,0,0,5000,head_tail
seg_008694,JS40270.hea,0,0,5000,head_tail
seg_008697,JS40273.hea,0,0,5000,head_tail
seg_008698,JS40274.hea,0,0,5000,head_tail
seg_008699,JS40275.hea,0,0,5000,head_tail
seg_008701,JS40277.hea,0,0,5000,head_tail
seg_008703,JS40279.hea,0,0,5000,head_tail
seg_008704,JS40280.hea,0,0,5000,head_tail
seg_008706,JS40282.hea,0,0,5000,head_tail
seg_008707,JS40283.hea,0,0,5000,head_tail
seg_008709,JS40285.hea,0,0,5000,head_tail
seg_008711,JS40287.hea,0,0,5000,head_tail
seg_008712,JS40288.hea,0,0,5000,head_tail
seg_008713,JS40289.hea,0,0,5000,head_tail
seg_008714,JS40290.hea,0,0,5000,head_tail
seg_008717,JS40293.hea,0,0,5000,head_tail
seg_008718,JS40294.hea,0,0,5000,head_tail
seg_008719,JS40295.hea,0,0,5000,head_tail
seg_008722,JS40298.hea,0,0,5000,head_tail
seg_008723,JS40299.hea,0,0,5000,head_tail
seg_008724,JS40300.hea,0,0,5000,head_tail
seg_008725,JS40301.hea,0,0,5000,head_tail
seg_008728,JS40304.hea,0,0,5000,head_tail
seg_008729,JS40305.hea,0,0,5000,head_tail
seg_008730,JS40306.hea,0,0,5000,head_tail
seg_008733,JS40309.hea,0,0,5000,head_tail
seg_008734,JS40310.hea,0,0,5000,head_tail
seg_008735,JS40311.hea,0,0,5000,head_tail
seg_008736,JS40312.hea,0,0,5000,head_tail
seg_008737,JS40313.hea,0,0,5000,head_tail
seg_008740,JS40316.hea,0,0,5000,head_tail
seg_008741,JS40317.hea,0,0,5000,head_tail
seg_008743,JS40319.hea,0,0,5000,head_tail
seg_008746,JS40322.hea,0,0,5000,head_tail
seg_008747,JS40323.hea,0,0,5000,head_tail
seg_008748,JS40324.hea,0,0,5000,head_tail
seg_008749,JS40325.hea,0,0,5000,head_tail
seg_008752,JS40328.hea,0,0,5000,head_tail
seg_008753,JS40329.hea,0,0,5000,head_tail
seg_008754,JS40330.hea,0,0,5000,head_tail
seg_008755,JS40331.hea,0,0,5000,head_tail
seg_008758,JS40334.hea,0,0,5000,head_tail
seg_008759,JS40335.hea,0,0,5000,head_tail
seg_008761,JS40337.hea,0,0,5000,head_tail
seg_008762,JS40338.hea,0,0,5000,head_tail
seg_008764,JS40340.hea,0,0,5000,head_tail
seg_008766,JS40342.hea,0,0,5000,head_tail
seg_008767,JS40343.hea,0,0,5000,head_tail
seg_008768,JS40344.hea,0,0,5000,head_tail
seg_008770,JS40346.hea,0,0,5000,head_tail
seg_008772,JS40348.hea,0,0,5000,head_tail
seg_008773,JS40349.hea,0,0,5000,head_tail
seg_008774,JS40350.hea,0,0,5000,head_tail
seg_008776,JS40352.hea,0,0,5000,head_tail
seg_008778,JS40354.hea,0,0,5000,head_tail
seg_008779,JS40355.hea,0,0,5000,head_tail
seg_008781,JS40357.hea,0,0,5000,head_tail
seg_008782,JS40358.hea,0,0,5000,head_tail
seg_008784,JS40360.hea,0,0,5000,head_tail
seg_008786,JS40362.hea,0,0,5000,head_tail
seg_008787,JS40363.hea,0,0,5000,head_tail
seg_008788,JS40364.hea,0,0,5000,head_tail
seg_008789,JS40365.hea,0,0,5000,head_tail
seg_008791,JS40367.hea,0,0,5000,head_tail
seg_008793,JS40369.hea,0,0,5000,head_tail
seg_008794,JS40370.hea,0,0,5000,head_tail
seg_008796,JS40372.hea,0,0,5000,head_tail
seg_008797,JS40373.hea,0,0,5000,head_tail
seg_008799,JS40375.hea,0,0,5000,head_tail
seg_008802,JS40378.hea,0,0,5000,head_tail
seg_008803,JS40379.hea,0,0,5000,head_tail
seg_008804,JS40380.hea,0,0,5000,head_tail
seg_008805,JS40381.hea,0,0,5000,head_tail
seg_008807,JS40383.hea,0,0,5000,head_tail
seg_008809,JS40385.hea,0,0,5000,head_tail
seg_008810,JS40386.hea,0,0,5000,head_tail
seg_008812,JS40388.hea,0,0,5000,head_tail
seg_008814,JS40390.hea,0,0,5000,head_tail
seg_008815,JS40391.hea,0,0,5000,head_tail
seg_008817,JS40393.hea,0,0,5000,head_tail
seg_008818,JS40394.hea,0,0,5000,head_tail
seg_008821,JS40397.hea,0,0,5000,head_tail
seg_008822,JS40398.hea,0,0,5000,head_tail
seg_008823,JS40399.hea,0,0,5000,head_tail
seg_008824,JS40400.hea,0,0,5000,head_tail
seg_008826,JS40402.hea,0,0,5000,head_tail
seg_008828,JS40404.hea,0,0,5000,head_tail
seg_008829,JS40405.hea,0,0,5000,head_tail
seg_008830,JS40406.hea,0,0,5000,head_tail
seg_008833,JS40409.hea,0,0,5000,head_tail
seg_008834,JS40410.hea,0,0,5000,head_tail
seg_008836,JS40412.hea,0,0,5000,head_tail
seg_008837,JS40413.hea,0,0,5000,head_tail
seg_008838,JS40414.hea,0,0,5000,head_tail
seg_008841,JS40417.hea,0,0,5000,head_tail
seg_008842,JS40418.hea,0,0,5000,head_tail
seg_008843,JS40419.hea,0,0,5000,head_tail
seg_008846,JS40422.hea,0,0,5000,head_tail
seg_008847,JS40423.hea,0,0,5000,head_tail
seg_008848,JS40424.hea,0,0,5000,head_tail
seg_008849,JS40425.hea,0,0,5000,head_tail
seg_008852,JS40428.hea,0,0,5000,head_tail
seg_008853,JS40429.hea,0,0,5000,head_tail
seg_008854,JS40430.hea,0,0,5000,head_tail
seg_008855,JS40431.hea,0,0,5000,head_tail
seg_008858,JS40434.hea,0,0,5000,head_tail
seg_008859,JS40435.hea,0,0,5000,head_tail
seg_008861,JS40437.hea,0,0,5000,head_tail
seg_008862,JS40438.hea,0,0,5000,head_tail
seg_008864,JS40440.hea,0,0,5000,head_tail
seg_008866,JS40442.hea,0,0,5000,head_tail
seg_008867,JS40443.hea,0,0,5000,head_tail
seg_008868,JS40444.hea,0,0,5000,head_tail
seg_008871,JS40447.hea,0,0,5000,head_tail
seg_008872,JS40448.hea,0,0,5000,head_tail
seg_008873,JS40449.hea,0,0,5000,head_tail
seg_008874,JS40450.hea,0,0,5000,head_tail
seg_008877,JS40453.hea,0,0,5000,head_tail
seg_008878,JS40454.hea,0,0,5000,head_tail
seg_008879,JS40455.hea,0,0,5000,head_tail
seg_008881,JS40457.hea,0,0,5000,head_tail
seg_008883,JS40459.hea,0,0,5000,head_tail
seg_008884,JS40460.hea,0,0,5000,head_tail
seg_008886,JS40462.hea,0,0,5000,head_tail
seg_008887,JS40463.hea,0,0,5000,head_tail
seg_008889,JS40465.hea,0,0,5000,head_tail
seg_008891,JS40467.hea,0,0,5000,head_tail
seg_008892,JS40468.hea,0,0,5000,head_tail
seg_008893,JS40469.hea,0,0,5000,head_tail
seg_008894,JS40470.hea,0,0,5000,head_tail
seg_008897,JS40473.hea,0,0,5000,head_tail
seg_008898,JS40474.hea,0,0,5000,head_tail
seg_008899,JS40475.hea,0,0,5000,head_tail
seg_008901,JS40477.hea,0,0,5000,head_tail
seg_008902,JS40478.hea,0,0,5000,head_tail
seg_008904,JS40480.hea,0,0,5000,head_tail
seg_008905,JS40481.hea,0,0,5000,head_tail
seg_008908,JS40484.hea,0,0,5000,head_tail
seg_008909,JS40485.hea,0,0,5000,head_tail
seg_008910,JS40486.hea,0,0,5000,head_tail
seg_008912,JS40488.hea,0,0,5000,head_tail
seg_008914,JS40490.hea,0,0,5000,head_tail
seg_008916,JS40492.hea,0,0,5000,head_tail
seg_008917,JS40493.hea,0,0,5000,head_tail
seg_008918,JS40494.hea,0,0,5000,head_tail
seg_008920,JS40496.hea,0,0,5000,head_tail
seg_008922,JS40498.hea,0,0,5000,head_tail
seg_008923,JS40499.hea,0,0,5000,head_tail
seg_008924,JS40500.hea,0,0,5000,head_tail
seg_008926,JS40502.hea,0,0,5000,head_tail
seg_008928,JS40504.hea,0,0,5000,head_tail
seg_008929,JS40505.hea,0,0,5000,head_tail
seg_008930,JS40506.hea,0,0,5000,head_tail
seg_008933,JS40509.hea,0,0,5000,head_tail
seg_008934,JS40510.hea,0,0,5000,head_tail
seg_008936,JS40512.hea,0,0,5000,head_tail
seg_008937,JS40513.hea,0,0,5000,head_tail
seg_008938,JS40514.hea,0,0,5000,head_tail
seg_008941,JS40517.hea,0,0,5000,head_tail
seg_008942,JS40518.hea,0,0,5000,head_tail
seg_008943,JS40519.hea,0,0,5000,head_tail
seg_008944,JS40520.hea,0,0,5000,head_tail
seg_008947,JS40523.hea,0,0,5000,head_tail
seg_008948,JS40524.hea,0,0,5000,head_tail
seg_008949,JS40525.hea,0,0,5000,head_tail
seg_008952,JS40528.hea,0,0,5000,head_tail
seg_008953,JS40529.hea,0,0,5000,head_tail
seg_008954,JS40530.hea,0,0,5000,head_tail
seg_008956,JS40532.hea,0,0,5000,head_tail
seg_008957,JS40533.hea,0,0,5000,head_tail
seg_008959,JS40535.hea,0,0,5000,head_tail
seg_008960,JS40536.hea,0,0,5000,head_tail
seg_008962,JS40538.hea,0,0,5000,head_tail
seg_008964,JS40540.hea,0,0,5000,head_tail
seg_008966,JS40542.hea,0,0,5000,head_tail
seg_008967,JS40543.hea,0,0,5000,head_tail
seg_008968,JS40544.hea,0,0,5000,head_tail
seg_008970,JS40546.hea,0,0,5000,head_tail
seg_008972,JS40548.hea,0,0,5000,head_tail
seg_008973,JS40549.hea,0,0,5000,head_tail
seg_008974,JS40550.hea,0,0,5000,head_tail
seg_008976,JS40552.hea,0,0,5000,head_tail
seg_008978,JS40554.hea,0,0,5000,head_tail
seg_008979,JS40555.hea,0,0,5000,head_tail
seg_008980,JS40556.hea,0,0,5000,head_tail
seg_008983,JS40559.hea,0,0,5000,head_tail
seg_008984,JS40560.hea,0,0,5000,head_tail
seg_008986,JS40562.hea,0,0,5000,head_tail
seg_008987,JS40563.hea,0,0,5000,head_tail
seg_008988,JS40564.hea,0,0,5000,head_tail
seg_008991,JS40567.hea,0,0,5000,head_tail
seg_008992,JS40568.hea,0,0,5000,head_tail
seg_008993,JS40569.hea,0,0,5000,head_tail
seg_008995,JS40571.hea,0,0,5000,head_tail
seg_008997,JS40573.hea,0,0,5000,head_tail
seg_008998,JS40574.hea,0,0,5000,head_tail
seg_008999,JS40575.hea,0,0,5000,head_tail
seg_009002,JS40578.hea,0,0,5000,head_tail
seg_009003,JS40579.hea,0,0,5000,head_tail
seg_009004,JS40580.hea,0,0,5000,head_tail
seg_009005,JS40581.hea,0,0,5000,head_tail
seg_009007,JS40583.hea,0,0,5000,head_tail
seg_009008,JS40584.hea,0,0,5000,head_tail
seg_009010,JS40586.hea,0,0,5000,head_tail
seg_009012,JS40588.hea,0,0,5000,head_tail
seg_009014,JS40590.hea,0,0,5000,head_tail
seg_009015,JS40591.hea,0,0,5000,head_tail
seg_009017,JS40593.hea,0,0,5000,head_tail
seg_009018,JS40594.hea,0,0,5000,head_tail
seg_009020,JS40596.hea,0,0,5000,head_tail
seg_009022,JS40598.hea,0,0,5000,head_tail
seg_009023,JS40599.hea,0,0,5000,head_tail
seg_009024,JS40600.hea,0,0,5000,head_tail
seg_009027,JS40603.hea,0,0,5000,head_tail
seg_009028,JS40604.hea,0,0,5000,head_tail
seg_009029,JS40605.hea,0,0,5000,head_tail
seg_009031,JS40607.hea,0,0,5000,head_tail
seg_009033,JS40609.hea,0,0,5000,head_tail
seg_009034,JS40610.hea,0,0,5000,head_tail
seg_009035,JS40611.hea,0,0,5000,head_tail
seg_009037,JS40613.hea,0,0,5000,head_tail
seg_009039,JS40615.hea,0,0,5000,head_tail
seg_009040,JS40616.hea,0,0,5000,head_tail
seg_009042,JS40618.hea,0,0,5000,head_tail
seg_009043,JS40619.hea,0,0,5000,head_tail
seg_009044,JS40620.hea,0,0,5000,head_tail
seg_009047,JS40623.hea,0,0,5000,head_tail
seg_009048,JS40624.hea,0,0,5000,head_tail
seg_009049,JS40625.hea,0,0,5000,head_tail
seg_009050,JS40626.hea,0,0,5000,head_tail
seg_009052,JS40628.hea,0,0,5000,head_tail
seg_009054,JS40630.hea,0,0,5000,head_tail
seg_009056,JS40632.hea,0,0,5000,head_tail
seg_009058,JS40634.hea,0,0,5000,head_tail
seg_009059,JS40635.hea,0,0,5000,head_tail
seg_009061,JS40637.hea,0,0,5000,head_tail
seg_009062,JS40638.hea,0,0,5000,head_tail
seg_009063,JS40639.hea,0,0,5000,head_tail
seg_009066,JS40642.hea,0,0,5000,head_tail
seg_009067,JS40643.hea,0,0,5000,head_tail
seg_009068,JS40644.hea,0,0,5000,head_tail
seg_009070,JS40646.hea,0,0,5000,head_tail
seg_009072,JS40648.hea,0,0,5000,head_tail
seg_009073,JS40649.hea,0,0,5000,head_tail
seg_009074,JS40650.hea,0,0,5000,head_tail
seg_009077,JS40653.hea,0,0,5000,head_tail
seg_009078,JS40654.hea,0,0,5000,head_tail
seg_009079,JS40655.hea,0,0,5000,head_tail
seg_009081,JS40657.hea,0,0,5000,head_tail
seg_009083,JS40659.hea,0,0,5000,head_tail
seg_009084,JS40660.hea,0,0,5000,head_tail
seg_009086,JS40662.hea,0,0,5000,head_tail
seg_009087,JS40663.hea,0,0,5000,head_tail
seg_009089,JS40665.hea,0,0,5000,head_tail
seg_009090,JS40666.hea,0,0,5000,head_tail
seg_009092,JS40668.hea,0,0,5000,head_tail
seg_009093,JS40669.hea,0,0,5000,head_tail
seg_009094,JS40670.hea,0,0,5000,head_tail
seg_009097,JS40673.hea,0,0,5000,head_tail
seg_009098,JS40674.hea,0,0,5000,head_tail
seg_009099,JS40675.hea,0,0,5000,head_tail
seg_009102,JS40678.hea,0,0,5000,head_tail
seg_009103,JS40679.hea,0,0,5000,head_tail
seg_009104,JS40680.hea,0,0,5000,head_tail
seg_009106,JS40682.hea,0,0,5000,head_tail
seg_009107,JS40683.hea,0,0,5000,head_tail
seg_009109,JS40685.hea,0,0,5000,head_tail
seg_009111,JS40687.hea,0,0,5000,head_tail
seg_009112,JS40688.hea,0,0,5000,head_tail
seg_009113,JS40689.hea,0,0,5000,head_tail
seg_009116,JS40692.hea,0,0,5000,head_tail
seg_009117,JS40693.hea,0,0,5000,head_tail
seg_009118,JS40694.hea,0,0,5000,head_tail
seg_009121,JS40697.hea,0,0,5000,head_tail
seg_009122,JS40698.hea,0,0,5000,head_tail
seg_009123,JS40699.hea,0,0,5000,head_tail
seg_009124,JS40700.hea,0,0,5000,head_tail
seg_009127,JS40703.hea,0,0,5000,head_tail
seg_009128,JS40704.hea,0,0,5000,head_tail
seg_009129,JS40705.hea,0,0,5000,head_tail
seg_009130,JS40706.hea,0,0,5000,head_tail
seg_009132,JS40708.hea,0,0,5000,head_tail
seg_009134,JS40710.hea,0,0,5000,head_tail
seg_009136,JS40712.hea,0,0,5000,head_tail
seg_009137,JS40713.hea,0,0,5000,head_tail
seg_009139,JS40715.hea,0,0,5000,head_tail
seg_009141,JS40717.hea,0,0,5000,head_tail
seg_009142,JS40718.hea,0,0,5000,head_tail
seg_009143,JS40719.hea,0,0,5000,head_tail
seg_009145,JS40721.hea,0,0,5000,head_tail
seg_009147,JS40723.hea,0,0,5000,head_tail
seg_009148,JS40724.hea,0,0,5000,head_tail
seg_009149,JS40725.hea,0,0,5000,head_tail
seg_009152,JS40728.hea,0,0,5000,head_tail
seg_009153,JS40729.hea,0,0,5000,head_tail
seg_009154,JS40730.hea,0,0,5000,head_tail
seg_009156,JS40732.hea,0,0,5000,head_tail
seg_009158,JS40734.hea,0,0,5000,head_tail
seg_009159,JS40735.hea,0,0,5000,head_tail
seg_009160,JS40736.hea,0,0,5000,head_tail
seg_009162,JS40738.hea,0,0,5000,head_tail
seg_009164,JS40740.hea,0,0,5000,head_tail
seg_009165,JS40741.hea,0,0,5000,head_tail
seg_009166,JS40742.hea,0,0,5000,head_tail
seg_009168,JS40744.hea,0,0,5000,head_tail
seg_009170,JS40746.hea,0,0,5000,head_tail
seg_009172,JS40748.hea,0,0,5000,head_tail
seg_009173,JS40749.hea,0,0,5000,head_tail
seg_009174,JS40750.hea,0,0,5000,head_tail
seg_009176,JS40752.hea,0,0,5000,head_tail
seg_009178,JS40754.hea,0,0,5000,head_tail
seg_009179,JS40755.hea,0,0,5000,head_tail
seg_009181,JS40757.hea,0,0,5000,head_tail
seg_009183,JS40759.hea,0,0,5000,head_tail
seg_009184,JS40760.hea,0,0,5000,head_tail
seg_009185,JS40761.hea,0,0,5000,head_tail
seg_009187,JS40763.hea,0,0,5000,head_tail
seg_009189,JS40765.hea,0,0,5000,head_tail
seg_009190,JS40766.hea,0,0,5000,head_tail
seg_009192,JS40768.hea,0,0,5000,head_tail
seg_009193,JS40769.hea,0,0,5000,head_tail
seg_009196,JS40772.hea,0,0,5000,head_tail
seg_009197,JS40773.hea,0,0,5000,head_tail
seg_009198,JS40774.hea,0,0,5000,head_tail
seg_009199,JS40775.hea,0,0,5000,head_tail
seg_009201,JS40777.hea,0,0,5000,head_tail
seg_009203,JS40779.hea,0,0,5000,head_tail
seg_009204,JS40780.hea,0,0,5000,head_tail
seg_009205,JS40781.hea,0,0,5000,head_tail
seg_009208,JS40784.hea,0,0,5000,head_tail
seg_009209,JS40785.hea,0,0,5000,head_tail
seg_009210,JS40786.hea,0,0,5000,head_tail
seg_009211,JS40787.hea,0,0,5000,head_tail
seg_009214,JS40790.hea,0,0,5000,head_tail
seg_009215,JS40791.hea,0,0,5000,head_tail
seg_009216,JS40792.hea,0,0,5000,head_tail
seg_009217,JS40793.hea,0,0,5000,head_tail
seg_009220,JS40796.hea,0,0,5000,head_tail
seg_009222,JS40798.hea,0,0,5000,head_tail
seg_009223,JS40799.hea,0,0,5000,head_tail
seg_009224,JS40800.hea,0,0,5000,head_tail
seg_009226,JS40802.hea,0,0,5000,head_tail
seg_009228,JS40804.hea,0,0,5000,head_tail
seg_009229,JS40805.hea,0,0,5000,head_tail
seg_009230,JS40806.hea,0,0,5000,head_tail
seg_009233,JS40809.hea,0,0,5000,head_tail
seg_009234,JS40810.hea,0,0,5000,head_tail
seg_009236,JS40812.hea,0,0,5000,head_tail
seg_009237,JS40813.hea,0,0,5000,head_tail
seg_009239,JS40815.hea,0,0,5000,head_tail
seg_009240,JS40816.hea,0,0,5000,head_tail
seg_009242,JS40818.hea,0,0,5000,head_tail
seg_009243,JS40819.hea,0,0,5000,head_tail
seg_009246,JS40822.hea,0,0,5000,head_tail
seg_009247,JS40823.hea,0,0,5000,head_tail
seg_009248,JS40824.hea,0,0,5000,head_tail
seg_009249,JS40825.hea,0,0,5000,head_tail
seg_009250,JS40826.hea,0,0,5000,head_tail
seg_009253,JS40829.hea,0,0,5000,head_tail
seg_009254,JS40830.hea,0,0,5000,head_tail
seg_009255,JS40831.hea,0,0,5000,head_tail
seg_009258,JS40834.hea,0,0,5000,head_tail
seg_009259,JS40835.hea,0,0,5000,head_tail
seg_009260,JS40836.hea,0,0,5000,head_tail
seg_009262,JS40838.hea,0,0,5000,head_tail
seg_009263,JS40839.hea,0,0,5000,head_tail
seg_009265,JS40841.hea,0,0,5000,head_tail
seg_009267,JS40843.hea,0,0,5000,head_tail
seg_009268,JS40844.hea,0,0,5000,head_tail
seg_009270,JS40846.hea,0,0,5000,head_tail
seg_009272,JS40848.hea,0,0,5000,head_tail
seg_009273,JS40849.hea,0,0,5000,head_tail
seg_009274,JS40850.hea,0,0,5000,head_tail
seg_009277,JS40853.hea,0,0,5000,head_tail
seg_009278,JS40854.hea,0,0,5000,head_tail
seg_009279,JS40855.hea,0,0,5000,head_tail
seg_009280,JS40856.hea,0,0,5000,head_tail
seg_009282,JS40858.hea,0,0,5000,head_tail
seg_009284,JS40860.hea,0,0,5000,head_tail
seg_009286,JS40862.hea,0,0,5000,head_tail
seg_009287,JS40863.hea,0,0,5000,head_tail
seg_009289,JS40865.hea,0,0,5000,head_tail
seg_009290,JS40866.hea,0,0,5000,head_tail
seg_009292,JS40868.hea,0,0,5000,head_tail
seg_009293,JS40869.hea,0,0,5000,head_tail
seg_009295,JS40871.hea,0,0,5000,head_tail
seg_009297,JS40873.hea,0,0,5000,head_tail
seg_009298,JS40874.hea,0,0,5000,head_tail
seg_009299,JS40875.hea,0,0,5000,head_tail
seg_009301,JS40877.hea,0,0,5000,head_tail
seg_009302,JS40878.hea,0,0,5000,head_tail
seg_009303,JS40879.hea,0,0,5000,head_tail
seg_009305,JS40881.hea,0,0,5000,head_tail
seg_009307,JS40883.hea,0,0,5000,head_tail
seg_009308,JS40884.hea,0,0,5000,head_tail
seg_009310,JS40886.hea,0,0,5000,head_tail
seg_009311,JS40887.hea,0,0,5000,head_tail
seg_009312,JS40888.hea,0,0,5000,head_tail
seg_009315,JS40891.hea,0,0,5000,head_tail
seg_009316,JS40892.hea,0,0,5000,head_tail
seg_009317,JS40893.hea,0,0,5000,head_tail
seg_009320,JS40896.hea,0,0,5000,head_tail
seg_009322,JS40898.hea,0,0,5000,head_tail
seg_009323,JS40899.hea,0,0,5000,head_tail
seg_009324,JS40900.hea,0,0,5000,head_tail
seg_009326,JS40902.hea,0,0,5000,head_tail
seg_009328,JS40904.hea,0,0,5000,head_tail
seg_009329,JS40905.hea,0,0,5000,head_tail
seg_009330,JS40906.hea,0,0,5000,head_tail
seg_009332,JS40908.hea,0,0,5000,head_tail
seg_009334,JS40910.hea,0,0,5000,head_tail
seg_009335,JS40911.hea,0,0,5000,head_tail
seg_009336,JS40912.hea,0,0,5000,head_tail
seg_009338,JS40914.hea,0,0,5000,head_tail
seg_009340,JS40916.hea,0,0,5000,head_tail
seg_009341,JS40917.hea,0,0,5000,head_tail
seg_009342,JS40918.hea,0,0,5000,head_tail
seg_009343,JS40919.hea,0,0,5000,head_tail
seg_009346,JS40922.hea,0,0,5000,head_tail
seg_009347,JS40923.hea,0,0,5000,head_tail
seg_009348,JS40924.hea,0,0,5000,head_tail
seg_009352,JS40928.hea,0,0,5000,head_tail
seg_009353,JS40929.hea,0,0,5000,head_tail
seg_009354,JS40930.hea,0,0,5000,head_tail
seg_009355,JS40931.hea,0,0,5000,head_tail
seg_009358,JS40934.hea,0,0,5000,head_tail
seg_009359,JS40935.hea,0,0,5000,head_tail
seg_009361,JS40937.hea,0,0,5000,head_tail
seg_009362,JS40938.hea,0,0,5000,head_tail
seg_009363,JS40939.hea,0,0,5000,head_tail
seg_009366,JS40942.hea,0,0,5000,head_tail
seg_009367,JS40943.hea,0,0,5000,head_tail
seg_009368,JS40944.hea,0,0,5000,head_tail
seg_009371,JS40947.hea,0,0,5000,head_tail
seg_009372,JS40948.hea,0,0,5000,head_tail
seg_009373,JS40949.hea,0,0,5000,head_tail
seg_009374,JS40950.hea,0,0,5000,head_tail
seg_009376,JS40952.hea,0,0,5000,head_tail
seg_009378,JS40954.hea,0,0,5000,head_tail
seg_009379,JS40955.hea,0,0,5000,head_tail
seg_009380,JS40956.hea,0,0,5000,head_tail
seg_009383,JS40959.hea,0,0,5000,head_tail
seg_009384,JS40960.hea,0,0,5000,head_tail
seg_009385,JS40961.hea,0,0,5000,head_tail
seg_009387,JS40963.hea,0,0,5000,head_tail
seg_009389,JS40965.hea,0,0,5000,head_tail
seg_009390,JS40966.hea,0,0,5000,head_tail
seg_009392,JS40968.hea,0,0,5000,head_tail
seg_009393,JS40969.hea,0,0,5000,head_tail
seg_009396,JS40972.hea,0,0,5000,head_tail
seg_009397,JS40973.hea,0,0,5000,head_tail
seg_009398,JS40974.hea,0,0,5000,head_tail
seg_009399,JS40975.hea,0,0,5000,head_tail
seg_009401,JS40977.hea,0,0,5000,head_tail
seg_009403,JS40979.hea,0,0,5000,head_tail
seg_009404,JS40980.hea,0,0,5000,head_tail
seg_009406,JS40982.hea,0,0,5000,head_tail
seg_009408,JS40984.hea,0,0,5000,head_tail
seg_009409,JS40985.hea,0,0,5000,head_tail
seg_009411,JS40987.hea,0,0,5000,head_tail
seg_009412,JS40988.hea,0,0,5000,head_tail
seg_009414,JS40990.hea,0,0,5000,head_tail
seg_009416,JS40992.hea,0,0,5000,head_tail
seg_009417,JS40993.hea,0,0,5000,head_tail
seg_009418,JS40994.hea,0,0,5000,head_tail
seg_009420,JS40996.hea,0,0,5000,head_tail
seg_009422,JS40998.hea,0,0,5000,head_tail
seg_009423,JS40999.hea,0,0,5000,head_tail
seg_009424,JS41000.hea,0,0,5000,head_tail
seg_009427,JS41003.hea,0,0,5000,head_tail
seg_009428,JS41004.hea,0,0,5000,head_tail
seg_009429,JS41005.hea,0,0,5000,head_tail
seg_009430,JS41006.hea,0,0,5000,head_tail
seg_009433,JS41009.hea,0,0,5000,head_tail
seg_009434,JS41010.hea,0,0,5000,head_tail
seg_009435,JS41011.hea,0,0,5000,head_tail
seg_009436,JS41012.hea,0,0,5000,head_tail
seg_009438,JS41014.hea,0,0,5000,head_tail
seg_009440,JS41016.hea,0,0,5000,head_tail
seg_009441,JS41017.hea,0,0,5000,head_tail
seg_009443,JS41019.hea,0,0,5000,head_tail
seg_009446,JS41022.hea,0,0,5000,head_tail
seg_009447,JS41023.hea,0,0,5000,head_tail
seg_009448,JS41024.hea,0,0,5000,head_tail
seg_009449,JS41025.hea,0,0,5000,head_tail
seg_009450,JS41026.hea,0,0,5000,head_tail
seg_009453,JS41029.hea,0,0,5000,head_tail
seg_009454,JS41030.hea,0,0,5000,head_tail
seg_009456,JS41032.hea,0,0,5000,head_tail
seg_009458,JS41034.hea,0,0,5000,head_tail
seg_009459,JS41035.hea,0,0,5000,head_tail
seg_009460,JS41036.hea,0,0,5000,head_tail
seg_009462,JS41038.hea,0,0,5000,head_tail
seg_009464,JS41040.hea,0,0,5000,head_tail
seg_009465,JS41041.hea,0,0,5000,head_tail
seg_009467,JS41043.hea,0,0,5000,head_tail
seg_009468,JS41044.hea,0,0,5000,head_tail
seg_009471,JS41047.hea,0,0,5000,head_tail
seg_009472,JS41048.hea,0,0,5000,head_tail
seg_009473,JS41049.hea,0,0,5000,head_tail
seg_009474,JS41050.hea,0,0,5000,head_tail
seg_009477,JS41053.hea,0,0,5000,head_tail
seg_009478,JS41054.hea,0,0,5000,head_tail
seg_009479,JS41055.hea,0,0,5000,head_tail
seg_009481,JS41057.hea,0,0,5000,head_tail
seg_009483,JS41059.hea,0,0,5000,head_tail
seg_009484,JS41060.hea,0,0,5000,head_tail
seg_009486,JS41062.hea,0,0,5000,head_tail
seg_009487,JS41063.hea,0,0,5000,head_tail
seg_009488,JS41064.hea,0,0,5000,head_tail
seg_009491,JS41067.hea,0,0,5000,head_tail
seg_009492,JS41068.hea,0,0,5000,head_tail
seg_009493,JS41069.hea,0,0,5000,head_tail
seg_009496,JS41072.hea,0,0,5000,head_tail
seg_009497,JS41073.hea,0,0,5000,head_tail
seg_009498,JS41074.hea,0,0,5000,head_tail
seg_009499,JS41075.hea,0,0,5000,head_tail
seg_009502,JS41078.hea,0,0,5000,head_tail
seg_009503,JS41079.hea,0,0,5000,head_tail
seg_009504,JS41080.hea,0,0,5000,head_tail
seg_009505,JS41081.hea,0,0,5000,head_tail
seg_009506,JS41082.hea,0,0,5000,head_tail
seg_009509,JS41085.hea,0,0,5000,head_tail
seg_009511,JS41087.hea,0,0,5000,head_tail
seg_009512,JS41088.hea,0,0,5000,head_tail
seg_009514,JS41090.hea,0,0,5000,head_tail
seg_009515,JS41091.hea,0,0,5000,head_tail
seg_009517,JS41093.hea,0,0,5000,head_tail
seg_009518,JS41094.hea,0,0,5000,head_tail
seg_009521,JS41097.hea,0,0,5000,head_tail
seg_009522,JS41098.hea,0,0,5000,head_tail
seg_009523,JS41099.hea,0,0,5000,head_tail
seg_009524,JS41100.hea,0,0,5000,head_tail
seg_009526,JS41102.hea,0,0,5000,head_tail
seg_009528,JS41104.hea,0,0,5000,head_tail
seg_009529,JS41105.hea,0,0,5000,head_tail
seg_009531,JS41107.hea,0,0,5000,head_tail
seg_009533,JS41109.hea,0,0,5000,head_tail
seg_009534,JS41110.hea,0,0,5000,head_tail
seg_009536,JS41112.hea,0,0,5000,head_tail
seg_009537,JS41113.hea,0,0,5000,head_tail
seg_009538,JS41114.hea,0,0,5000,head_tail
seg_009540,JS41116.hea,0,0,5000,head_tail
seg_009542,JS41118.hea,0,0,5000,head_tail
seg_009543,JS41119.hea,0,0,5000,head_tail
seg_009545,JS41121.hea,0,0,5000,head_tail
seg_009547,JS41123.hea,0,0,5000,head_tail
seg_009548,JS41124.hea,0,0,5000,head_tail
seg_009549,JS41125.hea,0,0,5000,head_tail
seg_009551,JS41127.hea,0,0,5000,head_tail
seg_009553,JS41129.hea,0,0,5000,head_tail
seg_009554,JS41130.hea,0,0,5000,head_tail
seg_009556,JS41132.hea,0,0,5000,head_tail
seg_009558,JS41134.hea,0,0,5000,head_tail
seg_009559,JS41135.hea,0,0,5000,head_tail
seg_009561,JS41137.hea,0,0,5000,head_tail
seg_009562,JS41138.hea,0,0,5000,head_tail
seg_009564,JS41140.hea,0,0,5000,head_tail
seg_009566,JS41142.hea,0,0,5000,head_tail
seg_009567,JS41143.hea,0,0,5000,head_tail
seg_009568,JS41144.hea,0,0,5000,head_tail
seg_009570,JS41146.hea,0,0,5000,head_tail
seg_009572,JS41148.hea,0,0,5000,head_tail
seg_009573,JS41149.hea,0,0,5000,head_tail
seg_009574,JS41150.hea,0,0,5000,head_tail
seg_009577,JS41153.hea,0,0,5000,head_tail
seg_009578,JS41154.hea,0,0,5000,head_tail
seg_009579,JS41155.hea,0,0,5000,head_tail
seg_009581,JS41157.hea,0,0,5000,head_tail
seg_009583,JS41159.hea,0,0,5000,head_tail
seg_009584,JS41160.hea,0,0,5000,head_tail
seg_009586,JS41162.hea,0,0,5000,head_tail
seg_009587,JS41163.hea,0,0,5000,head_tail
seg_009589,JS41165.hea,0,0,5000,head_tail
seg_009591,JS41167.hea,0,0,5000,head_tail
seg_009592,JS41168.hea,0,0,5000,head_tail
seg_009593,JS41169.hea,0,0,5000,head_tail
seg_009596,JS41172.hea,0,0,5000,head_tail
seg_009597,JS41173.hea,0,0,5000,head_tail
seg_009598,JS41174.hea,0,0,5000,head_tail
seg_009599,JS41175.hea,0,0,5000,head_tail
seg_009602,JS41178.hea,0,0,5000,head_tail
seg_009603,JS41179.hea,0,0,5000,head_tail
seg_009604,JS41180.hea,0,0,5000,head_tail
seg_009606,JS41182.hea,0,0,5000,head_tail
seg_009607,JS41183.hea,0,0,5000,head_tail
seg_009609,JS41185.hea,0,0,5000,head_tail
seg_009610,JS41186.hea,0,0,5000,head_tail
seg_009612,JS41188.hea,0,0,5000,head_tail
seg_009614,JS41190.hea,0,0,5000,head_tail
seg_009616,JS41192.hea,0,0,5000,head_tail
seg_009617,JS41193.hea,0,0,5000,head_tail
seg_009618,JS41194.hea,0,0,5000,head_tail
seg_009619,JS41195.hea,0,0,5000,head_tail
seg_009622,JS41198.hea,0,0,5000,head_tail
seg_009623,JS41199.hea,0,0,5000,head_tail
seg_009624,JS41200.hea,0,0,5000,head_tail
seg_009626,JS41202.hea,0,0,5000,head_tail
seg_009627,JS41203.hea,0,0,5000,head_tail
seg_009629,JS41205.hea,0,0,5000,head_tail
seg_009631,JS41207.hea,0,0,5000,head_tail
seg_009632,JS41208.hea,0,0,5000,head_tail
seg_009633,JS41209.hea,0,0,5000,head_tail
seg_009634,JS41210.hea,0,0,5000,head_tail
seg_009637,JS41213.hea,0,0,5000,head_tail
seg_009639,JS41215.hea,0,0,5000,head_tail
seg_009641,JS41217.hea,0,0,5000,head_tail
seg_009642,JS41218.hea,0,0,5000,head_tail
seg_009643,JS41219.hea,0,0,5000,head_tail
seg_009646,JS41222.hea,0,0,5000,head_tail
seg_009647,JS41223.hea,0,0,5000,head_tail
seg_009648,JS41224.hea,0,0,5000,head_tail
seg_009649,JS41225.hea,0,0,5000,head_tail
seg_009651,JS41227.hea,0,0,5000,head_tail
seg_009653,JS41229.hea,0,0,5000,head_tail
seg_009654,JS41230.hea,0,0,5000,head_tail
seg_009655,JS41231.hea,0,0,5000,head_tail
seg_009657,JS41233.hea,0,0,5000,head_tail
seg_009659,JS41235.hea,0,0,5000,head_tail
seg_009660,JS41236.hea,0,0,5000,head_tail
seg_009662,JS41238.hea,0,0,5000,head_tail
seg_009663,JS41239.hea,0,0,5000,head_tail
seg_009666,JS41242.hea,0,0,5000,head_tail
seg_009667,JS41243.hea,0,0,5000,head_tail
seg_009668,JS41244.hea,0,0,5000,head_tail
seg_009670,JS41246.hea,0,0,5000,head_tail
seg_009672,JS41248.hea,0,0,5000,head_tail
seg_009673,JS41249.hea,0,0,5000,head_tail
seg_009674,JS41250.hea,0,0,5000,head_tail
seg_009677,JS41253.hea,0,0,5000,head_tail
seg_009678,JS41254.hea,0,0,5000,head_tail
seg_009679,JS41255.hea,0,0,5000,head_tail
seg_009681,JS41257.hea,0,0,5000,head_tail
seg_009682,JS41258.hea,0,0,5000,head_tail
seg_009684,JS41260.hea,0,0,5000,head_tail
seg_009686,JS41262.hea,0,0,5000,head_tail
seg_009687,JS41263.hea,0,0,5000,head_tail
seg_009689,JS41265.hea,0,0,5000,head_tail
seg_009691,JS41267.hea,0,0,5000,head_tail
seg_009692,JS41268.hea,0,0,5000,head_tail
seg_009693,JS41269.hea,0,0,5000,head_tail
seg_009694,JS41270.hea,0,0,5000,head_tail
seg_009697,JS41273.hea,0,0,5000,head_tail
seg_009698,JS41274.hea,0,0,5000,head_tail
seg_009699,JS41275.hea,0,0,5000,head_tail
seg_009700,JS41276.hea,0,0,5000,head_tail
seg_009703,JS41279.hea,0,0,5000,head_tail
seg_009704,JS41280.hea,0,0,5000,head_tail
seg_009705,JS41281.hea,0,0,5000,head_tail
seg_009707,JS41283.hea,0,0,5000,head_tail
seg_009709,JS41285.hea,0,0,5000,head_tail
seg_009711,JS41287.hea,0,0,5000,head_tail
seg_009712,JS41288.hea,0,0,5000,head_tail
seg_009713,JS41289.hea,0,0,5000,head_tail
seg_009715,JS41291.hea,0,0,5000,head_tail
seg_009716,JS41292.hea,0,0,5000,head_tail
seg_009718,JS41294.hea,0,0,5000,head_tail
seg_009719,JS41295.hea,0,0,5000,head_tail
seg_009722,JS41298.hea,0,0,5000,head_tail
seg_009723,JS41299.hea,0,0,5000,head_tail
seg_009724,JS41300.hea,0,0,5000,head_tail
seg_009726,JS41302.hea,0,0,5000,head_tail
seg_009727,JS41303.hea,0,0,5000,head_tail
seg_009729,JS41305.hea,0,0,5000,head_tail
seg_009730,JS41306.hea,0,0,5000,head_tail
seg_009733,JS41309.hea,0,0,5000,head_tail
seg_009734,JS41310.hea,0,0,5000,head_tail
seg_009736,JS41312.hea,0,0,5000,head_tail
seg_009737,JS41313.hea,0,0,5000,head_tail
seg_009739,JS41315.hea,0,0,5000,head_tail
seg_009740,JS41316.hea,0,0,5000,head_tail
seg_009742,JS41318.hea,0,0,5000,head_tail
seg_009743,JS41319.hea,0,0,5000,head_tail
seg_009745,JS41321.hea,0,0,5000,head_tail
seg_009747,JS41323.hea,0,0,5000,head_tail
seg_009748,JS41324.hea,0,0,5000,head_tail
seg_009749,JS41325.hea,0,0,5000,head_tail
seg_009752,JS41328.hea,0,0,5000,head_tail
seg_009753,JS41329.hea,0,0,5000,head_tail
seg_009754,JS41330.hea,0,0,5000,head_tail
seg_009756,JS41332.hea,0,0,5000,head_tail
seg_009758,JS41334.hea,0,0,5000,head_tail
seg_009759,JS41335.hea,0,0,5000,head_tail
seg_009761,JS41337.hea,0,0,5000,head_tail
seg_009762,JS41338.hea,0,0,5000,head_tail
seg_009764,JS41340.hea,0,0,5000,head_tail
seg_009766,JS41342.hea,0,0,5000,head_tail
seg_009767,JS41343.hea,0,0,5000,head_tail
seg_009768,JS41344.hea,0,0,5000,head_tail
seg_009771,JS41347.hea,0,0,5000,head_tail
seg_009772,JS41348.hea,0,0,5000,head_tail
seg_009773,JS41349.hea,0,0,5000,head_tail
seg_009774,JS41350.hea,0,0,5000,head_tail
seg_009777,JS41353.hea,0,0,5000,head_tail
seg_009778,JS41354.hea,0,0,5000,head_tail
seg_009779,JS41355.hea,0,0,5000,head_tail
seg_009781,JS41357.hea,0,0,5000,head_tail
seg_009783,JS41359.hea,0,0,5000,head_tail
seg_009784,JS41360.hea,0,0,5000,head_tail
seg_009786,JS41362.hea,0,0,5000,head_tail
seg_009787,JS41363.hea,0,0,5000,head_tail
seg_009789,JS41365.hea,0,0,5000,head_tail
seg_009791,JS41367.hea,0,0,5000,head_tail
seg_009792,JS41368.hea,0,0,5000,head_tail
seg_009793,JS41369.hea,0,0,5000,head_tail
seg_009794,JS41370.hea,0,0,5000,head_tail
seg_009797,JS41373.hea,0,0,5000,head_tail
seg_009798,JS41374.hea,0,0,5000,head_tail
seg_009799,JS41375.hea,0,0,5000,head_tail
seg_009801,JS41377.hea,0,0,5000,head_tail
seg_009803,JS41379.hea,0,0,5000,head_tail
seg_009804,JS41380.hea,0,0,5000,head_tail
seg_009805,JS41381.hea,0,0,5000,head_tail
seg_009807,JS41383.hea,0,0,5000,head_tail
seg_009809,JS41385.hea,0,0,5000,head_tail
seg_009811,JS41387.hea,0,0,5000,head_tail
seg_009812,JS41388.hea,0,0,5000,head_tail
seg_009814,JS41390.hea,0,0,5000,head_tail
seg_009816,JS41392.hea,0,0,5000,head_tail
seg_009817,JS41393.hea,0,0,5000,head_tail
seg_009818,JS41394.hea,0,0,5000,head_tail
seg_009819,JS41395.hea,0,0,5000,head_tail
seg_009822,JS41398.hea,0,0,5000,head_tail
seg_009823,JS41399.hea,0,0,5000,head_tail
seg_009824,JS41400.hea,0,0,5000,head_tail
seg_009827,JS41403.hea,0,0,5000,head_tail
seg_009828,JS41404.hea,0,0,5000,head_tail
seg_009829,JS41405.hea,0,0,5000,head_tail
seg_009831,JS41407.hea,0,0,5000,head_tail
seg_009833,JS41409.hea,0,0,5000,head_tail
seg_009834,JS41410.hea,0,0,5000,head_tail
seg_009836,JS41412.hea,0,0,5000,head_tail
seg_009837,JS41413.hea,0,0,5000,head_tail
seg_009838,JS41414.hea,0,0,5000,head_tail
seg_009841,JS41417.hea,0,0,5000,head_tail
seg_009842,JS41418.hea,0,0,5000,head_tail
seg_009843,JS41419.hea,0,0,5000,head_tail
seg_009846,JS41422.hea,0,0,5000,head_tail
seg_009847,JS41423.hea,0,0,5000,head_tail
seg_009848,JS41424.hea,0,0,5000,head_tail
seg_009849,JS41425.hea,0,0,5000,head_tail
seg_009852,JS41428.hea,0,0,5000,head_tail
seg_009853,JS41429.hea,0,0,5000,head_tail
seg_009854,JS41430.hea,0,0,5000,head_tail
seg_009856,JS41432.hea,0,0,5000,head_tail
seg_009857,JS41433.hea,0,0,5000,head_tail
seg_009859,JS41435.hea,0,0,5000,head_tail
seg_009860,JS41436.hea,0,0,5000,head_tail
seg_009862,JS41438.hea,0,0,5000,head_tail
seg_009863,JS41439.hea,0,0,5000,head_tail
seg_009865,JS41441.hea,0,0,5000,head_tail
seg_009867,JS41443.hea,0,0,5000,head_tail
seg_009868,JS41444.hea,0,0,5000,head_tail
seg_009870,JS41446.hea,0,0,5000,head_tail
seg_009872,JS41448.hea,0,0,5000,head_tail
seg_009873,JS41449.hea,0,0,5000,head_tail
seg_009874,JS41450.hea,0,0,5000,head_tail
seg_009875,JS41451.hea,0,0,5000,head_tail
seg_009876,JS41452.hea,0,0,5000,head_tail
seg_009877,JS41453.hea,0,0,5000,head_tail
seg_009881,JS41457.hea,0,0,5000,head_tail
seg_009883,JS41459.hea,0,0,5000,head_tail
seg_009884,JS41460.hea,0,0,5000,head_tail
seg_009886,JS41462.hea,0,0,5000,head_tail
seg_009887,JS41463.hea,0,0,5000,head_tail
seg_009888,JS41464.hea,0,0,5000,head_tail
seg_009891,JS41467.hea,0,0,5000,head_tail
seg_009892,JS41468.hea,0,0,5000,head_tail
seg_009893,JS41469.hea,0,0,5000,head_tail
seg_009894,JS41470.hea,0,0,5000,head_tail
seg_009897,JS41473.hea,0,0,5000,head_tail
seg_009898,JS41474.hea,0,0,5000,head_tail
seg_009899,JS41475.hea,0,0,5000,head_tail
seg_009902,JS41478.hea,0,0,5000,head_tail
seg_009903,JS41479.hea,0,0,5000,head_tail
seg_009904,JS41480.hea,0,0,5000,head_tail
